[    1069ms] [WARNING] config params is error, please check @ https://lf-coze-web-cdn.coze.cn/obj/coze-web-cn/flow/devops/fornax_base_saas/static/js/async/1796.d7cb1d3083.js:1
[    2135ms] [WARNING] Failed to parse prompt_service_config_eg, SyntaxError: MALFORMED_ARGUMENT @ https://lf-coze-web-cdn.coze.cn/obj/coze-web-cn/flow/devops/fornax_base_saas/static/js/async/6951.ab47f2e0fa.js:1
[    2135ms] [WARNING] Failed to parse prompt_use_js_configuration, SyntaxError: MALFORMED_ARGUMENT @ https://lf-coze-web-cdn.coze.cn/obj/coze-web-cn/flow/devops/fornax_base_saas/static/js/async/6951.ab47f2e0fa.js:1
[    2135ms] [WARNING] Failed to parse prompt_use_python_configuration, SyntaxError: MALFORMED_ARGUMENT @ https://lf-coze-web-cdn.coze.cn/obj/coze-web-cn/flow/devops/fornax_base_saas/static/js/async/6951.ab47f2e0fa.js:1
[    2135ms] [WARNING] Failed to parse prompt_call_stream, SyntaxError: MALFORMED_ARGUMENT @ https://lf-coze-web-cdn.coze.cn/obj/coze-web-cn/flow/devops/fornax_base_saas/static/js/async/6951.ab47f2e0fa.js:1
[    2136ms] [WARNING] Failed to parse prompt_use_js_streaming_call, SyntaxError: INVALID_ARGUMENT_TYPE @ https://lf-coze-web-cdn.coze.cn/obj/coze-web-cn/flow/devops/fornax_base_saas/static/js/async/6951.ab47f2e0fa.js:1
[    2136ms] [WARNING] Failed to parse prompt_use_python_streaming_call, SyntaxError: MALFORMED_ARGUMENT @ https://lf-coze-web-cdn.coze.cn/obj/coze-web-cn/flow/devops/fornax_base_saas/static/js/async/6951.ab47f2e0fa.js:1
[    2136ms] [WARNING] Failed to parse prompt_service_call_sync, SyntaxError: MALFORMED_ARGUMENT @ https://lf-coze-web-cdn.coze.cn/obj/coze-web-cn/flow/devops/fornax_base_saas/static/js/async/6951.ab47f2e0fa.js:1
[    2136ms] [WARNING] Failed to parse prompt_use_js_synchronous_call, SyntaxError: INVALID_ARGUMENT_TYPE @ https://lf-coze-web-cdn.coze.cn/obj/coze-web-cn/flow/devops/fornax_base_saas/static/js/async/6951.ab47f2e0fa.js:1
[    2136ms] [WARNING] Failed to parse prompt_use_python_simultaneous_call, SyntaxError: MALFORMED_ARGUMENT @ https://lf-coze-web-cdn.coze.cn/obj/coze-web-cn/flow/devops/fornax_base_saas/static/js/async/6951.ab47f2e0fa.js:1
[    2240ms] [WARNING] Failed to parse observation_analysis_report_china_lithium_battery_2025, SyntaxError: MALFORMED_ARGUMENT @ https://lf-coze-web-cdn.coze.cn/obj/coze-web-cn/flow/devops/fornax_base_saas/static/js/async/6951.ab47f2e0fa.js:1
[    2241ms] [WARNING] Failed to parse observation_report_written_and_optimized_2025_china_lithium, SyntaxError: MALFORMED_ARGUMENT @ https://lf-coze-web-cdn.coze.cn/obj/coze-web-cn/flow/devops/fornax_base_saas/static/js/async/6951.ab47f2e0fa.js:1
[    2241ms] [WARNING] Failed to parse observation_analysis_report_china_lithium_battery_2025, SyntaxError: MALFORMED_ARGUMENT @ https://lf-coze-web-cdn.coze.cn/obj/coze-web-cn/flow/devops/fornax_base_saas/static/js/async/6951.ab47f2e0fa.js:1
[    2241ms] [WARNING] Failed to parse observation_report_written_and_optimized_2025_china_lithium, SyntaxError: MALFORMED_ARGUMENT @ https://lf-coze-web-cdn.coze.cn/obj/coze-web-cn/flow/devops/fornax_base_saas/static/js/async/6951.ab47f2e0fa.js:1
[    2241ms] [WARNING] Failed to parse observation_analysis_report_china_lithium_battery_2025, SyntaxError: MALFORMED_ARGUMENT @ https://lf-coze-web-cdn.coze.cn/obj/coze-web-cn/flow/devops/fornax_base_saas/static/js/async/6951.ab47f2e0fa.js:1
[    2241ms] [WARNING] Failed to parse observation_report_written_and_optimized_2025_china_lithium, SyntaxError: MALFORMED_ARGUMENT @ https://lf-coze-web-cdn.coze.cn/obj/coze-web-cn/flow/devops/fornax_base_saas/static/js/async/6951.ab47f2e0fa.js:1
[    2241ms] [WARNING] Failed to parse observation_user_query_task_execution_2025_lithium_report, SyntaxError: MALFORMED_ARGUMENT @ https://lf-coze-web-cdn.coze.cn/obj/coze-web-cn/flow/devops/fornax_base_saas/static/js/async/6951.ab47f2e0fa.js:1
[    2241ms] [WARNING] Failed to parse observation_task_notes_and_tool_invocation_2025_lithium_report, SyntaxError: MALFORMED_ARGUMENT @ https://lf-coze-web-cdn.coze.cn/obj/coze-web-cn/flow/devops/fornax_base_saas/static/js/async/6951.ab47f2e0fa.js:1
[    2241ms] [WARNING] Failed to parse observation_search_query_2025_china_lithium_analysis, SyntaxError: MALFORMED_ARGUMENT @ https://lf-coze-web-cdn.coze.cn/obj/coze-web-cn/flow/devops/fornax_base_saas/static/js/async/6951.ab47f2e0fa.js:1
[    2249ms] [WARNING] Failed to parse prompt_service_init_eg, SyntaxError: MALFORMED_ARGUMENT @ https://lf-coze-web-cdn.coze.cn/obj/coze-web-cn/flow/devops/fornax_base_saas/static/js/async/6951.ab47f2e0fa.js:1
[    2249ms] [WARNING] Failed to parse prompt_service_config_eg, SyntaxError: MALFORMED_ARGUMENT @ https://lf-coze-web-cdn.coze.cn/obj/coze-web-cn/flow/devops/fornax_base_saas/static/js/async/6951.ab47f2e0fa.js:1
[    2249ms] [WARNING] Failed to parse prompt_use_js_configuration, SyntaxError: MALFORMED_ARGUMENT @ https://lf-coze-web-cdn.coze.cn/obj/coze-web-cn/flow/devops/fornax_base_saas/static/js/async/6951.ab47f2e0fa.js:1
[    2250ms] [WARNING] Failed to parse prompt_use_python_configuration, SyntaxError: MALFORMED_ARGUMENT @ https://lf-coze-web-cdn.coze.cn/obj/coze-web-cn/flow/devops/fornax_base_saas/static/js/async/6951.ab47f2e0fa.js:1
[    2250ms] [WARNING] Failed to parse prompt_call_stream, SyntaxError: MALFORMED_ARGUMENT @ https://lf-coze-web-cdn.coze.cn/obj/coze-web-cn/flow/devops/fornax_base_saas/static/js/async/6951.ab47f2e0fa.js:1
[    2250ms] [WARNING] Failed to parse prompt_use_js_streaming_call, SyntaxError: INVALID_ARGUMENT_TYPE @ https://lf-coze-web-cdn.coze.cn/obj/coze-web-cn/flow/devops/fornax_base_saas/static/js/async/6951.ab47f2e0fa.js:1
[    2250ms] [WARNING] Failed to parse prompt_use_python_streaming_call, SyntaxError: MALFORMED_ARGUMENT @ https://lf-coze-web-cdn.coze.cn/obj/coze-web-cn/flow/devops/fornax_base_saas/static/js/async/6951.ab47f2e0fa.js:1
[    2250ms] [WARNING] Failed to parse prompt_service_call_sync, SyntaxError: MALFORMED_ARGUMENT @ https://lf-coze-web-cdn.coze.cn/obj/coze-web-cn/flow/devops/fornax_base_saas/static/js/async/6951.ab47f2e0fa.js:1
[    2250ms] [WARNING] Failed to parse prompt_use_js_synchronous_call, SyntaxError: INVALID_ARGUMENT_TYPE @ https://lf-coze-web-cdn.coze.cn/obj/coze-web-cn/flow/devops/fornax_base_saas/static/js/async/6951.ab47f2e0fa.js:1
[    2250ms] [WARNING] Failed to parse prompt_use_python_simultaneous_call, SyntaxError: MALFORMED_ARGUMENT @ https://lf-coze-web-cdn.coze.cn/obj/coze-web-cn/flow/devops/fornax_base_saas/static/js/async/6951.ab47f2e0fa.js:1
[    2251ms] [WARNING] Failed to parse fornax_prompt_skill_function_list, SyntaxError: MALFORMED_ARGUMENT @ https://lf-coze-web-cdn.coze.cn/obj/coze-web-cn/flow/devops/fornax_base_saas/static/js/async/6951.ab47f2e0fa.js:1
[    2630ms] [ERROR] Access to XMLHttpRequest at 'https://mon.zijieapi.com/monitor_web/settings/browser-settings?bid=coze_loop&store=1' from origin 'https://loop.coze.cn' has been blocked by CORS policy: No 'Access-Control-Allow-Origin' header is present on the requested resource. @ https://loop.coze.cn/sign/oauth?platform=volcano&page_from=coze_pro_sign_in&redirect=https%3A%2F%2Floop.coze.cn%2Fconsole%2Fenterprise%2Fpersonal%2Fspace%2F7487806534651887643%2Fpe%2Fprompts:0
[    2632ms] [ERROR] Failed to load resource: net::ERR_FAILED @ https://mon.zijieapi.com/monitor_web/settings/browser-settings?bid=coze_loop&store=1:0
[    3905ms] [ERROR] [console_tea_sdk] user type  not support @ https://res.gcloudcache.com/volc-fe/volcengine-platform-runtime/async.ad7f8fe2.js:1
[    3935ms] [INFO] [MonitorTracer] init successfully! version: 0.21.1 @ https://res.gcloudcache.com/volc-fe/volcengine-platform-runtime/async.ad7f8fe2.js:1
[    4211ms] [LOG] false @ https://res.volccdn.com/obj/volc-console-fe/vconsole-auth/volcengine/static/js/1.0.0.2590/main.2018c4a4.js:1
[    4238ms] [WARNING] [VOLCENGINE-PLATFORM-FRAMEWORK] Error: intranet-png-request run timeout.
    at https://res.gcloudcache.com/volc-fe/volcengine-platform-runtime/main.d7ff5b65.js:2:32483 @ https://res.gcloudcache.com/volc-fe/volcengine-platform-runtime/main.d7ff5b65.js:1
[    4356ms] [ERROR] Failed to load resource: net::ERR_CONNECTION_CLOSED @ https://tosv.byted.org/obj/volc-console-fe/vconsole-vendors/static/nodata.png:0
[    4430ms] [LOG] ScenarioProvider value:  {scenario: coze, config: undefined} @ https://res.volccdn.com/obj/volc-console-fe/vconsole-auth/volcengine/static/js/1.0.0.2590/main.2018c4a4.js:1
[    4483ms] [LOG] ScenarioProvider value:  {scenario: coze, config: undefined} @ https://res.volccdn.com/obj/volc-console-fe/vconsole-auth/volcengine/static/js/1.0.0.2590/main.2018c4a4.js:1
[    4717ms] [VERBOSE] [DOM] Multiple forms should be contained in their own form elements; break up complex forms into ones that represent a single action: (More info: https://goo.gl/9p2vKq) %o @ https://signin.volcengine.com/auth/login/?redirectURI=https%3A%2F%2Fsignin.volcengine.com%2Fapi%2Fpassport%2Fsso%2FOIDCAuth%3Fclient_id%3D490362313be302cd4bf07a084b99dbdf%26response_type%3Dcode%26redirect_uri%3Dhttps%253A%252F%252Fsignin.volcengine.com%252Fapi%252Fcloudidentity%252Fauthorize%252FgeneralCallback%26state%3Dredirect_uri%253Dhttps%25253A%25252F%25252Fsignin-saas.volccloudidentity.com%25252Fapi%25252Fcloudidentity%25252Fauthorize%25252FfederateOAuth%25253Fclient_id%25253D9836804098%252526state%25253D%2525257B%25252522platform%25252522%2525253A%25252522eps_cloud_identity%25252522%2525252C%25252522navigatePath%25252522%2525253A%25252522https%2525253A%2525252F%2525252Floop.coze.cn%2525252Fconsole%2525252Fenterprise%2525252Fpersonal%2525252Fspace%2525252F7487806534651887643%2525252Fpe%2525252Fprompts%25252522%2525252C%25252522type%25252522%2525253A%25252522login%25252522%2525257D%252526response_type%25253Dcode%252526redirect_uri%25253Dhttps%2525253A%2525252F%2525252Floop.coze.cn%2525252Fauth%2525252Fcallback%252526scenario%25253Dcoze%2526client_id%253D9836804098%2526scenario%253Dcoze%26scenario%3Dcoze%26utm_source%3Dcoze%26utm_medium%3Dcoze_fusion%26utm_term%3Dcoze_signin%26utm_campaign%3Dfrom_coze%26utm_content%3Dcoze_signin%26auto_confirm%3D1&scenario=coze&utm_campaign=from_coze&utm_content=coze_signin&utm_medium=coze_fusion&utm_source=coze&utm_term=coze_signin:0
[    4986ms] [ERROR] [sec_sdk_build]commonOptions缺失repoId或pageId参数 @ https://res.volccdn.com/obj/volc-console-fe/vconsole-auth/volcengine/static/js/1.0.0.2590/main.2018c4a4.js:1
[    5848ms] [LOG] {
    "tabs": [
        "phone",
        "account"
    ],
    "disable_select_user": true,
    "disable_iam_login": false,
    "disable_thirdparty_login": false,
    "disable_fedoration_login": true,
    "disable_left_banner_link": true,
    "get_login_credential_with_tag": true,
    "get_login_credential_tag_key": "coze_activation",
    "get_login_credential_tag_value": "true",
    "disable_coze_entry": true,
    "iam_login_title": "企业员工登录",
    "get_account_labels": [{
        "LabelKey": "coze_activation",
        "LabelValue": "true"
    },{
        "LabelKey": "coze_activation",
        "LabelValue": "pro"
    }],
    "login_account_label_name": "已开通扣子",
    "custom_login_link": [
        {
            "href": "https://signin.volcengine.com/cloud-identity/userlogin/",
            "text": "企业员工登录",
            "show_icon": true
        }
    ],
    "custom_thirdparty_login": ["Douyin", "Feishu"],
    "theme": "coze",
    "disable_left_cover_pic": true,
    "disable_logo_pic": true
} @ https://res.volccdn.com/obj/volc-console-fe/vconsole-auth/volcengine/static/js/1.0.0.2590/main.2018c4a4.js:1
[    5849ms] [LOG] ScenarioProvider value:  {scenario: coze, config: Object} @ https://res.volccdn.com/obj/volc-console-fe/vconsole-auth/volcengine/static/js/1.0.0.2590/main.2018c4a4.js:1
[    5861ms] [WARNING] A preload for 'https://res.gcloudcache.com/volc-fe/vconsole-static/auth.coze-bg-20260119.5a88bca7.jpg' is found, but is not used because the request credentials mode does not match. Consider taking a look at crossorigin attribute. @ https://res.volccdn.com/obj/volc-console-fe/vconsole-auth/volcengine/static/js/1.0.0.2590/async/2177.7c717a0b.js:0
[    5978ms] [VERBOSE] [DOM] Multiple forms should be contained in their own form elements; break up complex forms into ones that represent a single action: (More info: https://goo.gl/9p2vKq) %o @ https://signin.volcengine.com/auth/login/?redirectURI=https%3A%2F%2Fsignin.volcengine.com%2Fapi%2Fpassport%2Fsso%2FOIDCAuth%3Fclient_id%3D490362313be302cd4bf07a084b99dbdf%26response_type%3Dcode%26redirect_uri%3Dhttps%253A%252F%252Fsignin.volcengine.com%252Fapi%252Fcloudidentity%252Fauthorize%252FgeneralCallback%26state%3Dredirect_uri%253Dhttps%25253A%25252F%25252Fsignin-saas.volccloudidentity.com%25252Fapi%25252Fcloudidentity%25252Fauthorize%25252FfederateOAuth%25253Fclient_id%25253D9836804098%252526state%25253D%2525257B%25252522platform%25252522%2525253A%25252522eps_cloud_identity%25252522%2525252C%25252522navigatePath%25252522%2525253A%25252522https%2525253A%2525252F%2525252Floop.coze.cn%2525252Fconsole%2525252Fenterprise%2525252Fpersonal%2525252Fspace%2525252F7487806534651887643%2525252Fpe%2525252Fprompts%25252522%2525252C%25252522type%25252522%2525253A%25252522login%25252522%2525257D%252526response_type%25253Dcode%252526redirect_uri%25253Dhttps%2525253A%2525252F%2525252Floop.coze.cn%2525252Fauth%2525252Fcallback%252526scenario%25253Dcoze%2526client_id%253D9836804098%2526scenario%253Dcoze%26scenario%3Dcoze%26utm_source%3Dcoze%26utm_medium%3Dcoze_fusion%26utm_term%3Dcoze_signin%26utm_campaign%3Dfrom_coze%26utm_content%3Dcoze_signin%26auto_confirm%3D1&scenario=coze&utm_campaign=from_coze&utm_content=coze_signin&utm_medium=coze_fusion&utm_source=coze&utm_term=coze_signin:0
[    6324ms] [ERROR] [console_tea_sdk] user type  not support @ https://res.gcloudcache.com/volc-fe/volcengine-platform-runtime/async.ad7f8fe2.js:1
[    6325ms] [ERROR] Failed to load resource: net::ERR_CONNECTION_CLOSED @ https://tosv.byted.org/obj/volcfe/test/p.gif:0
[    7357ms] [WARNING] The resource https://res.gcloudcache.com/volc-fe/volcengine-platform-runtime/core-js.761d4db2.js was preloaded using link preload but not used within a few seconds from the window's load event. Please make sure it has an appropriate `as` value and it is preloaded intentionally. @ https://signin.volcengine.com/auth/login/?redirectURI=https%3A%2F%2Fsignin.volcengine.com%2Fapi%2Fpassport%2Fsso%2FOIDCAuth%3Fclient_id%3D490362313be302cd4bf07a084b99dbdf%26response_type%3Dcode%26redirect_uri%3Dhttps%253A%252F%252Fsignin.volcengine.com%252Fapi%252Fcloudidentity%252Fauthorize%252FgeneralCallback%26state%3Dredirect_uri%253Dhttps%25253A%25252F%25252Fsignin-saas.volccloudidentity.com%25252Fapi%25252Fcloudidentity%25252Fauthorize%25252FfederateOAuth%25253Fclient_id%25253D9836804098%252526state%25253D%2525257B%25252522platform%25252522%2525253A%25252522eps_cloud_identity%25252522%2525252C%25252522navigatePath%25252522%2525253A%25252522https%2525253A%2525252F%2525252Floop.coze.cn%2525252Fconsole%2525252Fenterprise%2525252Fpersonal%2525252Fspace%2525252F7487806534651887643%2525252Fpe%2525252Fprompts%25252522%2525252C%25252522type%25252522%2525253A%25252522login%25252522%2525257D%252526response_type%25253Dcode%252526redirect_uri%25253Dhttps%2525253A%2525252F%2525252Floop.coze.cn%2525252Fauth%2525252Fcallback%252526scenario%25253Dcoze%2526client_id%253D9836804098%2526scenario%253Dcoze%26scenario%3Dcoze%26utm_source%3Dcoze%26utm_medium%3Dcoze_fusion%26utm_term%3Dcoze_signin%26utm_campaign%3Dfrom_coze%26utm_content%3Dcoze_signin%26auto_confirm%3D1&scenario=coze&utm_campaign=from_coze&utm_content=coze_signin&utm_medium=coze_fusion&utm_source=coze&utm_term=coze_signin:0
[    7357ms] [WARNING] The resource https://res.gcloudcache.com/volc-fe/vconsole-static/auth.coze-logo-20260116.4b4f0df0.png was preloaded using link preload but not used within a few seconds from the window's load event. Please make sure it has an appropriate `as` value and it is preloaded intentionally. @ https://signin.volcengine.com/auth/login/?redirectURI=https%3A%2F%2Fsignin.volcengine.com%2Fapi%2Fpassport%2Fsso%2FOIDCAuth%3Fclient_id%3D490362313be302cd4bf07a084b99dbdf%26response_type%3Dcode%26redirect_uri%3Dhttps%253A%252F%252Fsignin.volcengine.com%252Fapi%252Fcloudidentity%252Fauthorize%252FgeneralCallback%26state%3Dredirect_uri%253Dhttps%25253A%25252F%25252Fsignin-saas.volccloudidentity.com%25252Fapi%25252Fcloudidentity%25252Fauthorize%25252FfederateOAuth%25253Fclient_id%25253D9836804098%252526state%25253D%2525257B%25252522platform%25252522%2525253A%25252522eps_cloud_identity%25252522%2525252C%25252522navigatePath%25252522%2525253A%25252522https%2525253A%2525252F%2525252Floop.coze.cn%2525252Fconsole%2525252Fenterprise%2525252Fpersonal%2525252Fspace%2525252F7487806534651887643%2525252Fpe%2525252Fprompts%25252522%2525252C%25252522type%25252522%2525253A%25252522login%25252522%2525257D%252526response_type%25253Dcode%252526redirect_uri%25253Dhttps%2525253A%2525252F%2525252Floop.coze.cn%2525252Fauth%2525252Fcallback%252526scenario%25253Dcoze%2526client_id%253D9836804098%2526scenario%253Dcoze%26scenario%3Dcoze%26utm_source%3Dcoze%26utm_medium%3Dcoze_fusion%26utm_term%3Dcoze_signin%26utm_campaign%3Dfrom_coze%26utm_content%3Dcoze_signin%26auto_confirm%3D1&scenario=coze&utm_campaign=from_coze&utm_content=coze_signin&utm_medium=coze_fusion&utm_source=coze&utm_term=coze_signin:0
[    7357ms] [WARNING] The resource https://res.gcloudcache.com/volc-fe/vconsole-static/auth.coze-bg-20260119.5a88bca7.jpg was preloaded using link preload but not used within a few seconds from the window's load event. Please make sure it has an appropriate `as` value and it is preloaded intentionally. @ https://signin.volcengine.com/auth/login/?redirectURI=https%3A%2F%2Fsignin.volcengine.com%2Fapi%2Fpassport%2Fsso%2FOIDCAuth%3Fclient_id%3D490362313be302cd4bf07a084b99dbdf%26response_type%3Dcode%26redirect_uri%3Dhttps%253A%252F%252Fsignin.volcengine.com%252Fapi%252Fcloudidentity%252Fauthorize%252FgeneralCallback%26state%3Dredirect_uri%253Dhttps%25253A%25252F%25252Fsignin-saas.volccloudidentity.com%25252Fapi%25252Fcloudidentity%25252Fauthorize%25252FfederateOAuth%25253Fclient_id%25253D9836804098%252526state%25253D%2525257B%25252522platform%25252522%2525253A%25252522eps_cloud_identity%25252522%2525252C%25252522navigatePath%25252522%2525253A%25252522https%2525253A%2525252F%2525252Floop.coze.cn%2525252Fconsole%2525252Fenterprise%2525252Fpersonal%2525252Fspace%2525252F7487806534651887643%2525252Fpe%2525252Fprompts%25252522%2525252C%25252522type%25252522%2525253A%25252522login%25252522%2525257D%252526response_type%25253Dcode%252526redirect_uri%25253Dhttps%2525253A%2525252F%2525252Floop.coze.cn%2525252Fauth%2525252Fcallback%252526scenario%25253Dcoze%2526client_id%253D9836804098%2526scenario%253Dcoze%26scenario%3Dcoze%26utm_source%3Dcoze%26utm_medium%3Dcoze_fusion%26utm_term%3Dcoze_signin%26utm_campaign%3Dfrom_coze%26utm_content%3Dcoze_signin%26auto_confirm%3D1&scenario=coze&utm_campaign=from_coze&utm_content=coze_signin&utm_medium=coze_fusion&utm_source=coze&utm_term=coze_signin:0
[    7357ms] [WARNING] The resource https://res.gcloudcache.com/volc-fe/vconsole-static/auth.coze-left-cover-20260119.c3c0e749.png was preloaded using link preload but not used within a few seconds from the window's load event. Please make sure it has an appropriate `as` value and it is preloaded intentionally. @ https://signin.volcengine.com/auth/login/?redirectURI=https%3A%2F%2Fsignin.volcengine.com%2Fapi%2Fpassport%2Fsso%2FOIDCAuth%3Fclient_id%3D490362313be302cd4bf07a084b99dbdf%26response_type%3Dcode%26redirect_uri%3Dhttps%253A%252F%252Fsignin.volcengine.com%252Fapi%252Fcloudidentity%252Fauthorize%252FgeneralCallback%26state%3Dredirect_uri%253Dhttps%25253A%25252F%25252Fsignin-saas.volccloudidentity.com%25252Fapi%25252Fcloudidentity%25252Fauthorize%25252FfederateOAuth%25253Fclient_id%25253D9836804098%252526state%25253D%2525257B%25252522platform%25252522%2525253A%25252522eps_cloud_identity%25252522%2525252C%25252522navigatePath%25252522%2525253A%25252522https%2525253A%2525252F%2525252Floop.coze.cn%2525252Fconsole%2525252Fenterprise%2525252Fpersonal%2525252Fspace%2525252F7487806534651887643%2525252Fpe%2525252Fprompts%25252522%2525252C%25252522type%25252522%2525253A%25252522login%25252522%2525257D%252526response_type%25253Dcode%252526redirect_uri%25253Dhttps%2525253A%2525252F%2525252Floop.coze.cn%2525252Fauth%2525252Fcallback%252526scenario%25253Dcoze%2526client_id%253D9836804098%2526scenario%253Dcoze%26scenario%3Dcoze%26utm_source%3Dcoze%26utm_medium%3Dcoze_fusion%26utm_term%3Dcoze_signin%26utm_campaign%3Dfrom_coze%26utm_content%3Dcoze_signin%26auto_confirm%3D1&scenario=coze&utm_campaign=from_coze&utm_content=coze_signin&utm_medium=coze_fusion&utm_source=coze&utm_term=coze_signin:0
[   17850ms] [WARNING] The resource https://res.gcloudcache.com/volc-fe/volcengine-platform-runtime/core-js.761d4db2.js was preloaded using link preload but not used within a few seconds from the window's load event. Please make sure it has an appropriate `as` value and it is preloaded intentionally. @ https://signin.volcengine.com/auth/login/?redirectURI=https%3A%2F%2Fsignin.volcengine.com%2Fapi%2Fpassport%2Fsso%2FOIDCAuth%3Fclient_id%3D490362313be302cd4bf07a084b99dbdf%26response_type%3Dcode%26redirect_uri%3Dhttps%253A%252F%252Fsignin.volcengine.com%252Fapi%252Fcloudidentity%252Fauthorize%252FgeneralCallback%26state%3Dredirect_uri%253Dhttps%25253A%25252F%25252Fsignin-saas.volccloudidentity.com%25252Fapi%25252Fcloudidentity%25252Fauthorize%25252FfederateOAuth%25253Fclient_id%25253D9836804098%252526state%25253D%2525257B%25252522platform%25252522%2525253A%25252522eps_cloud_identity%25252522%2525252C%25252522navigatePath%25252522%2525253A%25252522https%2525253A%2525252F%2525252Floop.coze.cn%2525252Fconsole%2525252Fenterprise%2525252Fpersonal%2525252Fspace%2525252F7487806534651887643%2525252Fpe%2525252Fprompts%25252522%2525252C%25252522type%25252522%2525253A%25252522login%25252522%2525257D%252526response_type%25253Dcode%252526redirect_uri%25253Dhttps%2525253A%2525252F%2525252Floop.coze.cn%2525252Fauth%2525252Fcallback%252526scenario%25253Dcoze%2526client_id%253D9836804098%2526scenario%253Dcoze%26scenario%3Dcoze%26utm_source%3Dcoze%26utm_medium%3Dcoze_fusion%26utm_term%3Dcoze_signin%26utm_campaign%3Dfrom_coze%26utm_content%3Dcoze_signin%26auto_confirm%3D1&scenario=coze&utm_campaign=from_coze&utm_content=coze_signin&utm_medium=coze_fusion&utm_source=coze&utm_term=coze_signin:0
[   17850ms] [WARNING] The resource https://res.gcloudcache.com/volc-fe/vconsole-static/auth.coze-logo-20260116.4b4f0df0.png was preloaded using link preload but not used within a few seconds from the window's load event. Please make sure it has an appropriate `as` value and it is preloaded intentionally. @ https://signin.volcengine.com/auth/login/?redirectURI=https%3A%2F%2Fsignin.volcengine.com%2Fapi%2Fpassport%2Fsso%2FOIDCAuth%3Fclient_id%3D490362313be302cd4bf07a084b99dbdf%26response_type%3Dcode%26redirect_uri%3Dhttps%253A%252F%252Fsignin.volcengine.com%252Fapi%252Fcloudidentity%252Fauthorize%252FgeneralCallback%26state%3Dredirect_uri%253Dhttps%25253A%25252F%25252Fsignin-saas.volccloudidentity.com%25252Fapi%25252Fcloudidentity%25252Fauthorize%25252FfederateOAuth%25253Fclient_id%25253D9836804098%252526state%25253D%2525257B%25252522platform%25252522%2525253A%25252522eps_cloud_identity%25252522%2525252C%25252522navigatePath%25252522%2525253A%25252522https%2525253A%2525252F%2525252Floop.coze.cn%2525252Fconsole%2525252Fenterprise%2525252Fpersonal%2525252Fspace%2525252F7487806534651887643%2525252Fpe%2525252Fprompts%25252522%2525252C%25252522type%25252522%2525253A%25252522login%25252522%2525257D%252526response_type%25253Dcode%252526redirect_uri%25253Dhttps%2525253A%2525252F%2525252Floop.coze.cn%2525252Fauth%2525252Fcallback%252526scenario%25253Dcoze%2526client_id%253D9836804098%2526scenario%253Dcoze%26scenario%3Dcoze%26utm_source%3Dcoze%26utm_medium%3Dcoze_fusion%26utm_term%3Dcoze_signin%26utm_campaign%3Dfrom_coze%26utm_content%3Dcoze_signin%26auto_confirm%3D1&scenario=coze&utm_campaign=from_coze&utm_content=coze_signin&utm_medium=coze_fusion&utm_source=coze&utm_term=coze_signin:0
[   17850ms] [WARNING] The resource https://res.gcloudcache.com/volc-fe/vconsole-static/auth.coze-bg-20260119.5a88bca7.jpg was preloaded using link preload but not used within a few seconds from the window's load event. Please make sure it has an appropriate `as` value and it is preloaded intentionally. @ https://signin.volcengine.com/auth/login/?redirectURI=https%3A%2F%2Fsignin.volcengine.com%2Fapi%2Fpassport%2Fsso%2FOIDCAuth%3Fclient_id%3D490362313be302cd4bf07a084b99dbdf%26response_type%3Dcode%26redirect_uri%3Dhttps%253A%252F%252Fsignin.volcengine.com%252Fapi%252Fcloudidentity%252Fauthorize%252FgeneralCallback%26state%3Dredirect_uri%253Dhttps%25253A%25252F%25252Fsignin-saas.volccloudidentity.com%25252Fapi%25252Fcloudidentity%25252Fauthorize%25252FfederateOAuth%25253Fclient_id%25253D9836804098%252526state%25253D%2525257B%25252522platform%25252522%2525253A%25252522eps_cloud_identity%25252522%2525252C%25252522navigatePath%25252522%2525253A%25252522https%2525253A%2525252F%2525252Floop.coze.cn%2525252Fconsole%2525252Fenterprise%2525252Fpersonal%2525252Fspace%2525252F7487806534651887643%2525252Fpe%2525252Fprompts%25252522%2525252C%25252522type%25252522%2525253A%25252522login%25252522%2525257D%252526response_type%25253Dcode%252526redirect_uri%25253Dhttps%2525253A%2525252F%2525252Floop.coze.cn%2525252Fauth%2525252Fcallback%252526scenario%25253Dcoze%2526client_id%253D9836804098%2526scenario%253Dcoze%26scenario%3Dcoze%26utm_source%3Dcoze%26utm_medium%3Dcoze_fusion%26utm_term%3Dcoze_signin%26utm_campaign%3Dfrom_coze%26utm_content%3Dcoze_signin%26auto_confirm%3D1&scenario=coze&utm_campaign=from_coze&utm_content=coze_signin&utm_medium=coze_fusion&utm_source=coze&utm_term=coze_signin:0
[   17850ms] [WARNING] The resource https://res.gcloudcache.com/volc-fe/vconsole-static/auth.coze-left-cover-20260119.c3c0e749.png was preloaded using link preload but not used within a few seconds from the window's load event. Please make sure it has an appropriate `as` value and it is preloaded intentionally. @ https://signin.volcengine.com/auth/login/?redirectURI=https%3A%2F%2Fsignin.volcengine.com%2Fapi%2Fpassport%2Fsso%2FOIDCAuth%3Fclient_id%3D490362313be302cd4bf07a084b99dbdf%26response_type%3Dcode%26redirect_uri%3Dhttps%253A%252F%252Fsignin.volcengine.com%252Fapi%252Fcloudidentity%252Fauthorize%252FgeneralCallback%26state%3Dredirect_uri%253Dhttps%25253A%25252F%25252Fsignin-saas.volccloudidentity.com%25252Fapi%25252Fcloudidentity%25252Fauthorize%25252FfederateOAuth%25253Fclient_id%25253D9836804098%252526state%25253D%2525257B%25252522platform%25252522%2525253A%25252522eps_cloud_identity%25252522%2525252C%25252522navigatePath%25252522%2525253A%25252522https%2525253A%2525252F%2525252Floop.coze.cn%2525252Fconsole%2525252Fenterprise%2525252Fpersonal%2525252Fspace%2525252F7487806534651887643%2525252Fpe%2525252Fprompts%25252522%2525252C%25252522type%25252522%2525253A%25252522login%25252522%2525257D%252526response_type%25253Dcode%252526redirect_uri%25253Dhttps%2525253A%2525252F%2525252Floop.coze.cn%2525252Fauth%2525252Fcallback%252526scenario%25253Dcoze%2526client_id%253D9836804098%2526scenario%253Dcoze%26scenario%3Dcoze%26utm_source%3Dcoze%26utm_medium%3Dcoze_fusion%26utm_term%3Dcoze_signin%26utm_campaign%3Dfrom_coze%26utm_content%3Dcoze_signin%26auto_confirm%3D1&scenario=coze&utm_campaign=from_coze&utm_content=coze_signin&utm_medium=coze_fusion&utm_source=coze&utm_term=coze_signin:0
[   31076ms] [WARNING] Mixed Content: The page at 'https://signin.volcengine.com/auth/login/?redirectURI=https%3A%2F%2Fsignin.volcengine.com%2Fapi%2Fpassport%2Fsso%2FOIDCAuth%3Fclient_id%3D490362313be302cd4bf07a084b99dbdf%26response_type%3Dcode%26redirect_uri%3Dhttps%253A%252F%252Fsignin.volcengine.com%252Fapi%252Fcloudidentity%252Fauthorize%252FgeneralCallback%26state%3Dredirect_uri%253Dhttps%25253A%25252F%25252Fsignin-saas.volccloudidentity.com%25252Fapi%25252Fcloudidentity%25252Fauthorize%25252FfederateOAuth%25253Fclient_id%25253D9836804098%252526state%...25252522%2525257D%252526response_type%25253Dcode%252526redirect_uri%25253Dhttps%2525253A%2525252F%2525252Floop.coze.cn%2525252Fauth%2525252Fcallback%252526scenario%25253Dcoze%2526client_id%253D9836804098%2526scenario%253Dcoze%26scenario%3Dcoze%26utm_source%3Dcoze%26utm_medium%3Dcoze_fusion%26utm_term%3Dcoze_signin%26utm_campaign%3Dfrom_coze%26utm_content%3Dcoze_signin%26auto_confirm%3D1&scenario=coze&utm_campaign=from_coze&utm_content=coze_signin&utm_medium=coze_fusion&utm_source=coze&utm_term=coze_signin' was loaded over HTTPS, but requested an insecure element 'http://tosv.byted.org/obj/finance/nodata.png'. This request was automatically upgraded to HTTPS, For more information see https://blog.chromium.org/2019/10/no-more-mixed-messages-about-https.html @ https://signin.volcengine.com/auth/login/?redirectURI=https%3A%2F%2Fsignin.volcengine.com%2Fapi%2Fpassport%2Fsso%2FOIDCAuth%3Fclient_id%3D490362313be302cd4bf07a084b99dbdf%26response_type%3Dcode%26redirect_uri%3Dhttps%253A%252F%252Fsignin.volcengine.com%252Fapi%252Fcloudidentity%252Fauthorize%252FgeneralCallback%26state%3Dredirect_uri%253Dhttps%25253A%25252F%25252Fsignin-saas.volccloudidentity.com%25252Fapi%25252Fcloudidentity%25252Fauthorize%25252FfederateOAuth%25253Fclient_id%25253D9836804098%252526state%25253D%2525257B%25252522platform%25252522%2525253A%25252522eps_cloud_identity%25252522%2525252C%25252522navigatePath%25252522%2525253A%25252522https%2525253A%2525252F%2525252Floop.coze.cn%2525252Fconsole%2525252Fenterprise%2525252Fpersonal%2525252Fspace%2525252F7487806534651887643%2525252Fpe%2525252Fprompts%25252522%2525252C%25252522type%25252522%2525253A%25252522login%25252522%2525257D%252526response_type%25253Dcode%252526redirect_uri%25253Dhttps%2525253A%2525252F%2525252Floop.coze.cn%2525252Fauth%2525252Fcallback%252526scenario%25253Dcoze%2526client_id%253D9836804098%2526scenario%253Dcoze%26scenario%3Dcoze%26utm_source%3Dcoze%26utm_medium%3Dcoze_fusion%26utm_term%3Dcoze_signin%26utm_campaign%3Dfrom_coze%26utm_content%3Dcoze_signin%26auto_confirm%3D1&scenario=coze&utm_campaign=from_coze&utm_content=coze_signin&utm_medium=coze_fusion&utm_source=coze&utm_term=coze_signin:0
[   31202ms] [ERROR] Failed to load resource: the server responded with a status of 401 (Unauthorized) @ https://signin.volcengine.com/api/passport/document/createProtocolSignedRecord:0
[   31686ms] [ERROR] [console_tea_sdk] user type  not support @ https://res.gcloudcache.com/volc-fe/volcengine-platform-runtime/async.ad7f8fe2.js:1
[   31716ms] [LOG] false @ https://res.volccdn.com/obj/volc-console-fe/vconsole-auth/volcengine/static/js/1.0.0.2590/main.2018c4a4.js:1
[   31761ms] [INFO] [MonitorTracer] init successfully! version: 0.21.1 @ https://res.gcloudcache.com/volc-fe/volcengine-platform-runtime/async.ad7f8fe2.js:1
[   31807ms] [LOG] ScenarioProvider value:  {scenario: coze, config: undefined} @ https://res.volccdn.com/obj/volc-console-fe/vconsole-auth/volcengine/static/js/1.0.0.2590/main.2018c4a4.js:1
[   31846ms] [LOG] ScenarioProvider value:  {scenario: coze, config: undefined} @ https://res.volccdn.com/obj/volc-console-fe/vconsole-auth/volcengine/static/js/1.0.0.2590/main.2018c4a4.js:1
[   31899ms] [LOG] {
    "tabs": [
        "phone",
        "account"
    ],
    "disable_select_user": true,
    "disable_iam_login": false,
    "disable_thirdparty_login": false,
    "disable_fedoration_login": true,
    "disable_left_banner_link": true,
    "get_login_credential_with_tag": true,
    "get_login_credential_tag_key": "coze_activation",
    "get_login_credential_tag_value": "true",
    "disable_coze_entry": true,
    "iam_login_title": "企业员工登录",
    "get_account_labels": [{
        "LabelKey": "coze_activation",
        "LabelValue": "true"
    },{
        "LabelKey": "coze_activation",
        "LabelValue": "pro"
    }],
    "login_account_label_name": "已开通扣子",
    "custom_login_link": [
        {
            "href": "https://signin.volcengine.com/cloud-identity/userlogin/",
            "text": "企业员工登录",
            "show_icon": true
        }
    ],
    "custom_thirdparty_login": ["Douyin", "Feishu"],
    "theme": "coze",
    "disable_left_cover_pic": true,
    "disable_logo_pic": true
} @ https://res.volccdn.com/obj/volc-console-fe/vconsole-auth/volcengine/static/js/1.0.0.2590/main.2018c4a4.js:1
[   31899ms] [LOG] ScenarioProvider value:  {scenario: coze, config: Object} @ https://res.volccdn.com/obj/volc-console-fe/vconsole-auth/volcengine/static/js/1.0.0.2590/main.2018c4a4.js:1
[   31901ms] [ERROR] [sec_sdk_build]commonOptions缺失repoId或pageId参数 @ https://res.volccdn.com/obj/volc-console-fe/vconsole-auth/volcengine/static/js/1.0.0.2590/main.2018c4a4.js:1
[   31937ms] [WARNING] A preload for 'https://res.gcloudcache.com/volc-fe/vconsole-static/auth.coze-bg-20260119.5a88bca7.jpg' is found, but is not used because the request credentials mode does not match. Consider taking a look at crossorigin attribute. @ https://res.volccdn.com/obj/volc-console-fe/vconsole-auth/volcengine/static/js/1.0.0.2590/async/2177.7c717a0b.js:0
[   31991ms] [VERBOSE] [DOM] Multiple forms should be contained in their own form elements; break up complex forms into ones that represent a single action: (More info: https://goo.gl/9p2vKq) %o @ https://signin.volcengine.com/auth/login/?redirectURI=https%3A%2F%2Fsignin.volcengine.com%2Fapi%2Fpassport%2Fsso%2FOIDCAuth%3Fclient_id%3D490362313be302cd4bf07a084b99dbdf%26response_type%3Dcode%26redirect_uri%3Dhttps%253A%252F%252Fsignin.volcengine.com%252Fapi%252Fcloudidentity%252Fauthorize%252FgeneralCallback%26state%3Dredirect_uri%253Dhttps%25253A%25252F%25252Fsignin-saas.volccloudidentity.com%25252Fapi%25252Fcloudidentity%25252Fauthorize%25252FfederateOAuth%25253Fclient_id%25253D9836804098%252526state%25253D%2525257B%25252522platform%25252522%2525253A%25252522eps_cloud_identity%25252522%2525252C%25252522navigatePath%25252522%2525253A%25252522https%2525253A%2525252F%2525252Floop.coze.cn%2525252Fconsole%2525252Fenterprise%2525252Fpersonal%2525252Fspace%2525252F7487806534651887643%2525252Fpe%2525252Fprompts%25252522%2525252C%25252522type%25252522%2525253A%25252522login%25252522%2525257D%252526response_type%25253Dcode%252526redirect_uri%25253Dhttps%2525253A%2525252F%2525252Floop.coze.cn%2525252Fauth%2525252Fcallback%252526scenario%25253Dcoze%2526client_id%253D9836804098%2526scenario%253Dcoze%26scenario%3Dcoze%26utm_source%3Dcoze%26utm_medium%3Dcoze_fusion%26utm_term%3Dcoze_signin%26utm_campaign%3Dfrom_coze%26utm_content%3Dcoze_signin%26auto_confirm%3D1&scenario=coze&utm_campaign=from_coze&utm_content=coze_signin&utm_medium=coze_fusion&utm_source=coze&utm_term=coze_signin:0
[   32790ms] [ERROR] [console_tea_sdk] user type  not support @ https://res.gcloudcache.com/volc-fe/volcengine-platform-runtime/async.ad7f8fe2.js:1
[   32791ms] [ERROR] Failed to load resource: net::ERR_CONNECTION_CLOSED @ https://tosv.byted.org/obj/volcfe/test/p.gif:0
[   40592ms] [LOG] [captcha] TTGCaptcha render @ https://res.volccdn.com/obj/volc-console-fe/vconsole-auth/volcengine/static/js/1.0.0.2590/main.2018c4a4.js:1
[   40853ms] [LOG] /./ @ https://res.volccdn.com/obj/rc-verifycenter/rmc-captcha/1.0.0.836/captcha.js:0
[   40855ms] [LOG] JSHandle@node @ https://res.volccdn.com/obj/rc-verifycenter/rmc-captcha/1.0.0.836/captcha.js:0
[   40855ms] [LOG] Thu Jul 16 2026 14:06:21 GMT+0800 (中国标准时间) @ https://res.volccdn.com/obj/rc-verifycenter/rmc-captcha/1.0.0.836/captcha.js:0
[   40856ms] [LOG] function(){return ux(t,i,this,arguments,0,n)} @ https://res.volccdn.com/obj/rc-verifycenter/rmc-captcha/1.0.0.836/captcha.js:0
[   40856ms] [TABLE] [Object, Object, Object, Object, Object, Object, Object, Object, Object, Object, Object, Object, Object, Object, Object, Object, Object, Object, Object, Object, Object, Object, Object, Object, Object, Object, Object, Object, Object, Object, Object, Object, Object, Object, Object, Object, Object, Object, Object, Object, Object, Object, Object, Object, Object, Object, Object, Object, Object, Object] @ https://res.volccdn.com/obj/rc-verifycenter/rmc-captcha/1.0.0.836/captcha.js:0
[   40893ms] [LOG] [Object, Object, Object, Object, Object, Object, Object, Object, Object, Object, Object, Object, Object, Object, Object, Object, Object, Object, Object, Object, Object, Object, Object, Object, Object, Object, Object, Object, Object, Object, Object, Object, Object, Object, Object, Object, Object, Object, Object, Object, Object, Object, Object, Object, Object, Object, Object, Object, Object, Object] @ https://res.volccdn.com/obj/rc-verifycenter/rmc-captcha/1.0.0.836/captcha.js:0
[   41894ms] [LOG] JSHandle@node @ https://res.volccdn.com/obj/rc-verifycenter/rmc-captcha/1.0.0.836/captcha.js:0
[   41895ms] [LOG] Thu Jul 16 2026 14:06:21 GMT+0800 (中国标准时间) @ https://res.volccdn.com/obj/rc-verifycenter/rmc-captcha/1.0.0.836/captcha.js:0
[   41896ms] [LOG] function(){return ux(t,i,this,arguments,0,n)} @ https://res.volccdn.com/obj/rc-verifycenter/rmc-captcha/1.0.0.836/captcha.js:0
[   41897ms] [TABLE] [Object, Object, Object, Object, Object, Object, Object, Object, Object, Object, Object, Object, Object, Object, Object, Object, Object, Object, Object, Object, Object, Object, Object, Object, Object, Object, Object, Object, Object, Object, Object, Object, Object, Object, Object, Object, Object, Object, Object, Object, Object, Object, Object, Object, Object, Object, Object, Object, Object, Object] @ https://res.volccdn.com/obj/rc-verifycenter/rmc-captcha/1.0.0.836/captcha.js:0
[   41925ms] [LOG] [Object, Object, Object, Object, Object, Object, Object, Object, Object, Object, Object, Object, Object, Object, Object, Object, Object, Object, Object, Object, Object, Object, Object, Object, Object, Object, Object, Object, Object, Object, Object, Object, Object, Object, Object, Object, Object, Object, Object, Object, Object, Object, Object, Object, Object, Object, Object, Object, Object, Object] @ https://res.volccdn.com/obj/rc-verifycenter/rmc-captcha/1.0.0.836/captcha.js:0
[   42927ms] [LOG] JSHandle@node @ https://res.volccdn.com/obj/rc-verifycenter/rmc-captcha/1.0.0.836/captcha.js:0
[   42927ms] [LOG] Thu Jul 16 2026 14:06:21 GMT+0800 (中国标准时间) @ https://res.volccdn.com/obj/rc-verifycenter/rmc-captcha/1.0.0.836/captcha.js:0
[   42928ms] [LOG] function(){return ux(t,i,this,arguments,0,n)} @ https://res.volccdn.com/obj/rc-verifycenter/rmc-captcha/1.0.0.836/captcha.js:0
[   42929ms] [TABLE] [Object, Object, Object, Object, Object, Object, Object, Object, Object, Object, Object, Object, Object, Object, Object, Object, Object, Object, Object, Object, Object, Object, Object, Object, Object, Object, Object, Object, Object, Object, Object, Object, Object, Object, Object, Object, Object, Object, Object, Object, Object, Object, Object, Object, Object, Object, Object, Object, Object, Object] @ https://res.volccdn.com/obj/rc-verifycenter/rmc-captcha/1.0.0.836/captcha.js:0
[   42961ms] [LOG] [Object, Object, Object, Object, Object, Object, Object, Object, Object, Object, Object, Object, Object, Object, Object, Object, Object, Object, Object, Object, Object, Object, Object, Object, Object, Object, Object, Object, Object, Object, Object, Object, Object, Object, Object, Object, Object, Object, Object, Object, Object, Object, Object, Object, Object, Object, Object, Object, Object, Object] @ https://res.volccdn.com/obj/rc-verifycenter/rmc-captcha/1.0.0.836/captcha.js:0
[   43962ms] [LOG] JSHandle@node @ https://res.volccdn.com/obj/rc-verifycenter/rmc-captcha/1.0.0.836/captcha.js:0
[   43962ms] [LOG] Thu Jul 16 2026 14:06:21 GMT+0800 (中国标准时间) @ https://res.volccdn.com/obj/rc-verifycenter/rmc-captcha/1.0.0.836/captcha.js:0
[   43963ms] [LOG] function(){return ux(t,i,this,arguments,0,n)} @ https://res.volccdn.com/obj/rc-verifycenter/rmc-captcha/1.0.0.836/captcha.js:0
[   43965ms] [TABLE] [Object, Object, Object, Object, Object, Object, Object, Object, Object, Object, Object, Object, Object, Object, Object, Object, Object, Object, Object, Object, Object, Object, Object, Object, Object, Object, Object, Object, Object, Object, Object, Object, Object, Object, Object, Object, Object, Object, Object, Object, Object, Object, Object, Object, Object, Object, Object, Object, Object, Object] @ https://res.volccdn.com/obj/rc-verifycenter/rmc-captcha/1.0.0.836/captcha.js:0
[   43992ms] [LOG] [Object, Object, Object, Object, Object, Object, Object, Object, Object, Object, Object, Object, Object, Object, Object, Object, Object, Object, Object, Object, Object, Object, Object, Object, Object, Object, Object, Object, Object, Object, Object, Object, Object, Object, Object, Object, Object, Object, Object, Object, Object, Object, Object, Object, Object, Object, Object, Object, Object, Object] @ https://res.volccdn.com/obj/rc-verifycenter/rmc-captcha/1.0.0.836/captcha.js:0
[   44405ms] [WARNING] Canvas2D: Multiple readback operations using getImageData are faster with the willReadFrequently attribute set to true. See: https://html.spec.whatwg.org/multipage/canvas.html#concept-canvas-will-read-frequently @ https://res.volccdn.com/obj/rc-verifycenter/rmc-captcha/1.0.0.836/captcha.js:0
[   44993ms] [LOG] JSHandle@node @ https://res.volccdn.com/obj/rc-verifycenter/rmc-captcha/1.0.0.836/captcha.js:0
[   44993ms] [LOG] Thu Jul 16 2026 14:06:21 GMT+0800 (中国标准时间) @ https://res.volccdn.com/obj/rc-verifycenter/rmc-captcha/1.0.0.836/captcha.js:0
[   44994ms] [LOG] function(){return ux(t,i,this,arguments,0,n)} @ https://res.volccdn.com/obj/rc-verifycenter/rmc-captcha/1.0.0.836/captcha.js:0
[   44995ms] [TABLE] [Object, Object, Object, Object, Object, Object, Object, Object, Object, Object, Object, Object, Object, Object, Object, Object, Object, Object, Object, Object, Object, Object, Object, Object, Object, Object, Object, Object, Object, Object, Object, Object, Object, Object, Object, Object, Object, Object, Object, Object, Object, Object, Object, Object, Object, Object, Object, Object, Object, Object] @ https://res.volccdn.com/obj/rc-verifycenter/rmc-captcha/1.0.0.836/captcha.js:0
[   45025ms] [LOG] [Object, Object, Object, Object, Object, Object, Object, Object, Object, Object, Object, Object, Object, Object, Object, Object, Object, Object, Object, Object, Object, Object, Object, Object, Object, Object, Object, Object, Object, Object, Object, Object, Object, Object, Object, Object, Object, Object, Object, Object, Object, Object, Object, Object, Object, Object, Object, Object, Object, Object] @ https://res.volccdn.com/obj/rc-verifycenter/rmc-captcha/1.0.0.836/captcha.js:0
[   46026ms] [LOG] JSHandle@node @ https://res.volccdn.com/obj/rc-verifycenter/rmc-captcha/1.0.0.836/captcha.js:0
[   46027ms] [LOG] Thu Jul 16 2026 14:06:21 GMT+0800 (中国标准时间) @ https://res.volccdn.com/obj/rc-verifycenter/rmc-captcha/1.0.0.836/captcha.js:0
[   46028ms] [LOG] function(){return ux(t,i,this,arguments,0,n)} @ https://res.volccdn.com/obj/rc-verifycenter/rmc-captcha/1.0.0.836/captcha.js:0
[   46029ms] [TABLE] [Object, Object, Object, Object, Object, Object, Object, Object, Object, Object, Object, Object, Object, Object, Object, Object, Object, Object, Object, Object, Object, Object, Object, Object, Object, Object, Object, Object, Object, Object, Object, Object, Object, Object, Object, Object, Object, Object, Object, Object, Object, Object, Object, Object, Object, Object, Object, Object, Object, Object] @ https://res.volccdn.com/obj/rc-verifycenter/rmc-captcha/1.0.0.836/captcha.js:0
[   46059ms] [LOG] [Object, Object, Object, Object, Object, Object, Object, Object, Object, Object, Object, Object, Object, Object, Object, Object, Object, Object, Object, Object, Object, Object, Object, Object, Object, Object, Object, Object, Object, Object, Object, Object, Object, Object, Object, Object, Object, Object, Object, Object, Object, Object, Object, Object, Object, Object, Object, Object, Object, Object] @ https://res.volccdn.com/obj/rc-verifycenter/rmc-captcha/1.0.0.836/captcha.js:0
[   47060ms] [LOG] JSHandle@node @ https://res.volccdn.com/obj/rc-verifycenter/rmc-captcha/1.0.0.836/captcha.js:0
[   47060ms] [LOG] Thu Jul 16 2026 14:06:21 GMT+0800 (中国标准时间) @ https://res.volccdn.com/obj/rc-verifycenter/rmc-captcha/1.0.0.836/captcha.js:0
[   47060ms] [LOG] function(){return ux(t,i,this,arguments,0,n)} @ https://res.volccdn.com/obj/rc-verifycenter/rmc-captcha/1.0.0.836/captcha.js:0
[   47061ms] [TABLE] [Object, Object, Object, Object, Object, Object, Object, Object, Object, Object, Object, Object, Object, Object, Object, Object, Object, Object, Object, Object, Object, Object, Object, Object, Object, Object, Object, Object, Object, Object, Object, Object, Object, Object, Object, Object, Object, Object, Object, Object, Object, Object, Object, Object, Object, Object, Object, Object, Object, Object] @ https://res.volccdn.com/obj/rc-verifycenter/rmc-captcha/1.0.0.836/captcha.js:0
[   47083ms] [LOG] [Object, Object, Object, Object, Object, Object, Object, Object, Object, Object, Object, Object, Object, Object, Object, Object, Object, Object, Object, Object, Object, Object, Object, Object, Object, Object, Object, Object, Object, Object, Object, Object, Object, Object, Object, Object, Object, Object, Object, Object, Object, Object, Object, Object, Object, Object, Object, Object, Object, Object] @ https://res.volccdn.com/obj/rc-verifycenter/rmc-captcha/1.0.0.836/captcha.js:0
[   50160ms] [WARNING] The resource https://res.gcloudcache.com/volc-fe/volcengine-platform-runtime/core-js.761d4db2.js was preloaded using link preload but not used within a few seconds from the window's load event. Please make sure it has an appropriate `as` value and it is preloaded intentionally. @ https://signin.volcengine.com/auth/login/?redirectURI=https%3A%2F%2Fsignin.volcengine.com%2Fapi%2Fpassport%2Fsso%2FOIDCAuth%3Fclient_id%3D490362313be302cd4bf07a084b99dbdf%26response_type%3Dcode%26redirect_uri%3Dhttps%253A%252F%252Fsignin.volcengine.com%252Fapi%252Fcloudidentity%252Fauthorize%252FgeneralCallback%26state%3Dredirect_uri%253Dhttps%25253A%25252F%25252Fsignin-saas.volccloudidentity.com%25252Fapi%25252Fcloudidentity%25252Fauthorize%25252FfederateOAuth%25253Fclient_id%25253D9836804098%252526state%25253D%2525257B%25252522platform%25252522%2525253A%25252522eps_cloud_identity%25252522%2525252C%25252522navigatePath%25252522%2525253A%25252522https%2525253A%2525252F%2525252Floop.coze.cn%2525252Fconsole%2525252Fenterprise%2525252Fpersonal%2525252Fspace%2525252F7487806534651887643%2525252Fpe%2525252Fprompts%25252522%2525252C%25252522type%25252522%2525253A%25252522login%25252522%2525257D%252526response_type%25253Dcode%252526redirect_uri%25253Dhttps%2525253A%2525252F%2525252Floop.coze.cn%2525252Fauth%2525252Fcallback%252526scenario%25253Dcoze%2526client_id%253D9836804098%2526scenario%253Dcoze%26scenario%3Dcoze%26utm_source%3Dcoze%26utm_medium%3Dcoze_fusion%26utm_term%3Dcoze_signin%26utm_campaign%3Dfrom_coze%26utm_content%3Dcoze_signin%26auto_confirm%3D1&scenario=coze&utm_campaign=from_coze&utm_content=coze_signin&utm_medium=coze_fusion&utm_source=coze&utm_term=coze_signin:0
[   50160ms] [WARNING] The resource https://res.gcloudcache.com/volc-fe/vconsole-static/auth.coze-logo-20260116.4b4f0df0.png was preloaded using link preload but not used within a few seconds from the window's load event. Please make sure it has an appropriate `as` value and it is preloaded intentionally. @ https://signin.volcengine.com/auth/login/?redirectURI=https%3A%2F%2Fsignin.volcengine.com%2Fapi%2Fpassport%2Fsso%2FOIDCAuth%3Fclient_id%3D490362313be302cd4bf07a084b99dbdf%26response_type%3Dcode%26redirect_uri%3Dhttps%253A%252F%252Fsignin.volcengine.com%252Fapi%252Fcloudidentity%252Fauthorize%252FgeneralCallback%26state%3Dredirect_uri%253Dhttps%25253A%25252F%25252Fsignin-saas.volccloudidentity.com%25252Fapi%25252Fcloudidentity%25252Fauthorize%25252FfederateOAuth%25253Fclient_id%25253D9836804098%252526state%25253D%2525257B%25252522platform%25252522%2525253A%25252522eps_cloud_identity%25252522%2525252C%25252522navigatePath%25252522%2525253A%25252522https%2525253A%2525252F%2525252Floop.coze.cn%2525252Fconsole%2525252Fenterprise%2525252Fpersonal%2525252Fspace%2525252F7487806534651887643%2525252Fpe%2525252Fprompts%25252522%2525252C%25252522type%25252522%2525253A%25252522login%25252522%2525257D%252526response_type%25253Dcode%252526redirect_uri%25253Dhttps%2525253A%2525252F%2525252Floop.coze.cn%2525252Fauth%2525252Fcallback%252526scenario%25253Dcoze%2526client_id%253D9836804098%2526scenario%253Dcoze%26scenario%3Dcoze%26utm_source%3Dcoze%26utm_medium%3Dcoze_fusion%26utm_term%3Dcoze_signin%26utm_campaign%3Dfrom_coze%26utm_content%3Dcoze_signin%26auto_confirm%3D1&scenario=coze&utm_campaign=from_coze&utm_content=coze_signin&utm_medium=coze_fusion&utm_source=coze&utm_term=coze_signin:0
[   50160ms] [WARNING] The resource https://res.gcloudcache.com/volc-fe/vconsole-static/auth.coze-bg-20260119.5a88bca7.jpg was preloaded using link preload but not used within a few seconds from the window's load event. Please make sure it has an appropriate `as` value and it is preloaded intentionally. @ https://signin.volcengine.com/auth/login/?redirectURI=https%3A%2F%2Fsignin.volcengine.com%2Fapi%2Fpassport%2Fsso%2FOIDCAuth%3Fclient_id%3D490362313be302cd4bf07a084b99dbdf%26response_type%3Dcode%26redirect_uri%3Dhttps%253A%252F%252Fsignin.volcengine.com%252Fapi%252Fcloudidentity%252Fauthorize%252FgeneralCallback%26state%3Dredirect_uri%253Dhttps%25253A%25252F%25252Fsignin-saas.volccloudidentity.com%25252Fapi%25252Fcloudidentity%25252Fauthorize%25252FfederateOAuth%25253Fclient_id%25253D9836804098%252526state%25253D%2525257B%25252522platform%25252522%2525253A%25252522eps_cloud_identity%25252522%2525252C%25252522navigatePath%25252522%2525253A%25252522https%2525253A%2525252F%2525252Floop.coze.cn%2525252Fconsole%2525252Fenterprise%2525252Fpersonal%2525252Fspace%2525252F7487806534651887643%2525252Fpe%2525252Fprompts%25252522%2525252C%25252522type%25252522%2525253A%25252522login%25252522%2525257D%252526response_type%25253Dcode%252526redirect_uri%25253Dhttps%2525253A%2525252F%2525252Floop.coze.cn%2525252Fauth%2525252Fcallback%252526scenario%25253Dcoze%2526client_id%253D9836804098%2526scenario%253Dcoze%26scenario%3Dcoze%26utm_source%3Dcoze%26utm_medium%3Dcoze_fusion%26utm_term%3Dcoze_signin%26utm_campaign%3Dfrom_coze%26utm_content%3Dcoze_signin%26auto_confirm%3D1&scenario=coze&utm_campaign=from_coze&utm_content=coze_signin&utm_medium=coze_fusion&utm_source=coze&utm_term=coze_signin:0
[   50161ms] [WARNING] The resource https://res.gcloudcache.com/volc-fe/vconsole-static/auth.coze-left-cover-20260119.c3c0e749.png was preloaded using link preload but not used within a few seconds from the window's load event. Please make sure it has an appropriate `as` value and it is preloaded intentionally. @ https://signin.volcengine.com/auth/login/?redirectURI=https%3A%2F%2Fsignin.volcengine.com%2Fapi%2Fpassport%2Fsso%2FOIDCAuth%3Fclient_id%3D490362313be302cd4bf07a084b99dbdf%26response_type%3Dcode%26redirect_uri%3Dhttps%253A%252F%252Fsignin.volcengine.com%252Fapi%252Fcloudidentity%252Fauthorize%252FgeneralCallback%26state%3Dredirect_uri%253Dhttps%25253A%25252F%25252Fsignin-saas.volccloudidentity.com%25252Fapi%25252Fcloudidentity%25252Fauthorize%25252FfederateOAuth%25253Fclient_id%25253D9836804098%252526state%25253D%2525257B%25252522platform%25252522%2525253A%25252522eps_cloud_identity%25252522%2525252C%25252522navigatePath%25252522%2525253A%25252522https%2525253A%2525252F%2525252Floop.coze.cn%2525252Fconsole%2525252Fenterprise%2525252Fpersonal%2525252Fspace%2525252F7487806534651887643%2525252Fpe%2525252Fprompts%25252522%2525252C%25252522type%25252522%2525253A%25252522login%25252522%2525257D%252526response_type%25253Dcode%252526redirect_uri%25253Dhttps%2525253A%2525252F%2525252Floop.coze.cn%2525252Fauth%2525252Fcallback%252526scenario%25253Dcoze%2526client_id%253D9836804098%2526scenario%253Dcoze%26scenario%3Dcoze%26utm_source%3Dcoze%26utm_medium%3Dcoze_fusion%26utm_term%3Dcoze_signin%26utm_campaign%3Dfrom_coze%26utm_content%3Dcoze_signin%26auto_confirm%3D1&scenario=coze&utm_campaign=from_coze&utm_content=coze_signin&utm_medium=coze_fusion&utm_source=coze&utm_term=coze_signin:0
[   61378ms] [LOG] [captcha] TTGCaptcha err {name: answer_error, message: [captcha sdk] 验证失败，请根据提示重新操作} @ https://res.volccdn.com/obj/volc-console-fe/vconsole-auth/volcengine/static/js/1.0.0.2590/main.2018c4a4.js:1
[   65519ms] [WARNING] The resource https://res.gcloudcache.com/volc-fe/volcengine-platform-runtime/core-js.761d4db2.js was preloaded using link preload but not used within a few seconds from the window's load event. Please make sure it has an appropriate `as` value and it is preloaded intentionally. @ https://signin.volcengine.com/auth/login/?redirectURI=https%3A%2F%2Fsignin.volcengine.com%2Fapi%2Fpassport%2Fsso%2FOIDCAuth%3Fclient_id%3D490362313be302cd4bf07a084b99dbdf%26response_type%3Dcode%26redirect_uri%3Dhttps%253A%252F%252Fsignin.volcengine.com%252Fapi%252Fcloudidentity%252Fauthorize%252FgeneralCallback%26state%3Dredirect_uri%253Dhttps%25253A%25252F%25252Fsignin-saas.volccloudidentity.com%25252Fapi%25252Fcloudidentity%25252Fauthorize%25252FfederateOAuth%25253Fclient_id%25253D9836804098%252526state%25253D%2525257B%25252522platform%25252522%2525253A%25252522eps_cloud_identity%25252522%2525252C%25252522navigatePath%25252522%2525253A%25252522https%2525253A%2525252F%2525252Floop.coze.cn%2525252Fconsole%2525252Fenterprise%2525252Fpersonal%2525252Fspace%2525252F7487806534651887643%2525252Fpe%2525252Fprompts%25252522%2525252C%25252522type%25252522%2525253A%25252522login%25252522%2525257D%252526response_type%25253Dcode%252526redirect_uri%25253Dhttps%2525253A%2525252F%2525252Floop.coze.cn%2525252Fauth%2525252Fcallback%252526scenario%25253Dcoze%2526client_id%253D9836804098%2526scenario%253Dcoze%26scenario%3Dcoze%26utm_source%3Dcoze%26utm_medium%3Dcoze_fusion%26utm_term%3Dcoze_signin%26utm_campaign%3Dfrom_coze%26utm_content%3Dcoze_signin%26auto_confirm%3D1&scenario=coze&utm_campaign=from_coze&utm_content=coze_signin&utm_medium=coze_fusion&utm_source=coze&utm_term=coze_signin:0
[   65520ms] [WARNING] The resource https://res.gcloudcache.com/volc-fe/vconsole-static/auth.coze-logo-20260116.4b4f0df0.png was preloaded using link preload but not used within a few seconds from the window's load event. Please make sure it has an appropriate `as` value and it is preloaded intentionally. @ https://signin.volcengine.com/auth/login/?redirectURI=https%3A%2F%2Fsignin.volcengine.com%2Fapi%2Fpassport%2Fsso%2FOIDCAuth%3Fclient_id%3D490362313be302cd4bf07a084b99dbdf%26response_type%3Dcode%26redirect_uri%3Dhttps%253A%252F%252Fsignin.volcengine.com%252Fapi%252Fcloudidentity%252Fauthorize%252FgeneralCallback%26state%3Dredirect_uri%253Dhttps%25253A%25252F%25252Fsignin-saas.volccloudidentity.com%25252Fapi%25252Fcloudidentity%25252Fauthorize%25252FfederateOAuth%25253Fclient_id%25253D9836804098%252526state%25253D%2525257B%25252522platform%25252522%2525253A%25252522eps_cloud_identity%25252522%2525252C%25252522navigatePath%25252522%2525253A%25252522https%2525253A%2525252F%2525252Floop.coze.cn%2525252Fconsole%2525252Fenterprise%2525252Fpersonal%2525252Fspace%2525252F7487806534651887643%2525252Fpe%2525252Fprompts%25252522%2525252C%25252522type%25252522%2525253A%25252522login%25252522%2525257D%252526response_type%25253Dcode%252526redirect_uri%25253Dhttps%2525253A%2525252F%2525252Floop.coze.cn%2525252Fauth%2525252Fcallback%252526scenario%25253Dcoze%2526client_id%253D9836804098%2526scenario%253Dcoze%26scenario%3Dcoze%26utm_source%3Dcoze%26utm_medium%3Dcoze_fusion%26utm_term%3Dcoze_signin%26utm_campaign%3Dfrom_coze%26utm_content%3Dcoze_signin%26auto_confirm%3D1&scenario=coze&utm_campaign=from_coze&utm_content=coze_signin&utm_medium=coze_fusion&utm_source=coze&utm_term=coze_signin:0
[   65520ms] [WARNING] The resource https://res.gcloudcache.com/volc-fe/vconsole-static/auth.coze-bg-20260119.5a88bca7.jpg was preloaded using link preload but not used within a few seconds from the window's load event. Please make sure it has an appropriate `as` value and it is preloaded intentionally. @ https://signin.volcengine.com/auth/login/?redirectURI=https%3A%2F%2Fsignin.volcengine.com%2Fapi%2Fpassport%2Fsso%2FOIDCAuth%3Fclient_id%3D490362313be302cd4bf07a084b99dbdf%26response_type%3Dcode%26redirect_uri%3Dhttps%253A%252F%252Fsignin.volcengine.com%252Fapi%252Fcloudidentity%252Fauthorize%252FgeneralCallback%26state%3Dredirect_uri%253Dhttps%25253A%25252F%25252Fsignin-saas.volccloudidentity.com%25252Fapi%25252Fcloudidentity%25252Fauthorize%25252FfederateOAuth%25253Fclient_id%25253D9836804098%252526state%25253D%2525257B%25252522platform%25252522%2525253A%25252522eps_cloud_identity%25252522%2525252C%25252522navigatePath%25252522%2525253A%25252522https%2525253A%2525252F%2525252Floop.coze.cn%2525252Fconsole%2525252Fenterprise%2525252Fpersonal%2525252Fspace%2525252F7487806534651887643%2525252Fpe%2525252Fprompts%25252522%2525252C%25252522type%25252522%2525253A%25252522login%25252522%2525257D%252526response_type%25253Dcode%252526redirect_uri%25253Dhttps%2525253A%2525252F%2525252Floop.coze.cn%2525252Fauth%2525252Fcallback%252526scenario%25253Dcoze%2526client_id%253D9836804098%2526scenario%253Dcoze%26scenario%3Dcoze%26utm_source%3Dcoze%26utm_medium%3Dcoze_fusion%26utm_term%3Dcoze_signin%26utm_campaign%3Dfrom_coze%26utm_content%3Dcoze_signin%26auto_confirm%3D1&scenario=coze&utm_campaign=from_coze&utm_content=coze_signin&utm_medium=coze_fusion&utm_source=coze&utm_term=coze_signin:0
[   65520ms] [WARNING] The resource https://res.gcloudcache.com/volc-fe/vconsole-static/auth.coze-left-cover-20260119.c3c0e749.png was preloaded using link preload but not used within a few seconds from the window's load event. Please make sure it has an appropriate `as` value and it is preloaded intentionally. @ https://signin.volcengine.com/auth/login/?redirectURI=https%3A%2F%2Fsignin.volcengine.com%2Fapi%2Fpassport%2Fsso%2FOIDCAuth%3Fclient_id%3D490362313be302cd4bf07a084b99dbdf%26response_type%3Dcode%26redirect_uri%3Dhttps%253A%252F%252Fsignin.volcengine.com%252Fapi%252Fcloudidentity%252Fauthorize%252FgeneralCallback%26state%3Dredirect_uri%253Dhttps%25253A%25252F%25252Fsignin-saas.volccloudidentity.com%25252Fapi%25252Fcloudidentity%25252Fauthorize%25252FfederateOAuth%25253Fclient_id%25253D9836804098%252526state%25253D%2525257B%25252522platform%25252522%2525253A%25252522eps_cloud_identity%25252522%2525252C%25252522navigatePath%25252522%2525253A%25252522https%2525253A%2525252F%2525252Floop.coze.cn%2525252Fconsole%2525252Fenterprise%2525252Fpersonal%2525252Fspace%2525252F7487806534651887643%2525252Fpe%2525252Fprompts%25252522%2525252C%25252522type%25252522%2525253A%25252522login%25252522%2525257D%252526response_type%25253Dcode%252526redirect_uri%25253Dhttps%2525253A%2525252F%2525252Floop.coze.cn%2525252Fauth%2525252Fcallback%252526scenario%25253Dcoze%2526client_id%253D9836804098%2526scenario%253Dcoze%26scenario%3Dcoze%26utm_source%3Dcoze%26utm_medium%3Dcoze_fusion%26utm_term%3Dcoze_signin%26utm_campaign%3Dfrom_coze%26utm_content%3Dcoze_signin%26auto_confirm%3D1&scenario=coze&utm_campaign=from_coze&utm_content=coze_signin&utm_medium=coze_fusion&utm_source=coze&utm_term=coze_signin:0
[   67126ms] [WARNING] Canvas2D: Multiple readback operations using getImageData are faster with the willReadFrequently attribute set to true. See: https://html.spec.whatwg.org/multipage/canvas.html#concept-canvas-will-read-frequently @ https://res.volccdn.com/obj/rc-verifycenter/rmc-captcha/1.0.0.836/captcha.js:0
[   71169ms] [WARNING] The resource https://res.gcloudcache.com/volc-fe/volcengine-platform-runtime/core-js.761d4db2.js was preloaded using link preload but not used within a few seconds from the window's load event. Please make sure it has an appropriate `as` value and it is preloaded intentionally. @ https://signin.volcengine.com/auth/login/?redirectURI=https%3A%2F%2Fsignin.volcengine.com%2Fapi%2Fpassport%2Fsso%2FOIDCAuth%3Fclient_id%3D490362313be302cd4bf07a084b99dbdf%26response_type%3Dcode%26redirect_uri%3Dhttps%253A%252F%252Fsignin.volcengine.com%252Fapi%252Fcloudidentity%252Fauthorize%252FgeneralCallback%26state%3Dredirect_uri%253Dhttps%25253A%25252F%25252Fsignin-saas.volccloudidentity.com%25252Fapi%25252Fcloudidentity%25252Fauthorize%25252FfederateOAuth%25253Fclient_id%25253D9836804098%252526state%25253D%2525257B%25252522platform%25252522%2525253A%25252522eps_cloud_identity%25252522%2525252C%25252522navigatePath%25252522%2525253A%25252522https%2525253A%2525252F%2525252Floop.coze.cn%2525252Fconsole%2525252Fenterprise%2525252Fpersonal%2525252Fspace%2525252F7487806534651887643%2525252Fpe%2525252Fprompts%25252522%2525252C%25252522type%25252522%2525253A%25252522login%25252522%2525257D%252526response_type%25253Dcode%252526redirect_uri%25253Dhttps%2525253A%2525252F%2525252Floop.coze.cn%2525252Fauth%2525252Fcallback%252526scenario%25253Dcoze%2526client_id%253D9836804098%2526scenario%253Dcoze%26scenario%3Dcoze%26utm_source%3Dcoze%26utm_medium%3Dcoze_fusion%26utm_term%3Dcoze_signin%26utm_campaign%3Dfrom_coze%26utm_content%3Dcoze_signin%26auto_confirm%3D1&scenario=coze&utm_campaign=from_coze&utm_content=coze_signin&utm_medium=coze_fusion&utm_source=coze&utm_term=coze_signin:0
[   71170ms] [WARNING] The resource https://res.gcloudcache.com/volc-fe/vconsole-static/auth.coze-logo-20260116.4b4f0df0.png was preloaded using link preload but not used within a few seconds from the window's load event. Please make sure it has an appropriate `as` value and it is preloaded intentionally. @ https://signin.volcengine.com/auth/login/?redirectURI=https%3A%2F%2Fsignin.volcengine.com%2Fapi%2Fpassport%2Fsso%2FOIDCAuth%3Fclient_id%3D490362313be302cd4bf07a084b99dbdf%26response_type%3Dcode%26redirect_uri%3Dhttps%253A%252F%252Fsignin.volcengine.com%252Fapi%252Fcloudidentity%252Fauthorize%252FgeneralCallback%26state%3Dredirect_uri%253Dhttps%25253A%25252F%25252Fsignin-saas.volccloudidentity.com%25252Fapi%25252Fcloudidentity%25252Fauthorize%25252FfederateOAuth%25253Fclient_id%25253D9836804098%252526state%25253D%2525257B%25252522platform%25252522%2525253A%25252522eps_cloud_identity%25252522%2525252C%25252522navigatePath%25252522%2525253A%25252522https%2525253A%2525252F%2525252Floop.coze.cn%2525252Fconsole%2525252Fenterprise%2525252Fpersonal%2525252Fspace%2525252F7487806534651887643%2525252Fpe%2525252Fprompts%25252522%2525252C%25252522type%25252522%2525253A%25252522login%25252522%2525257D%252526response_type%25253Dcode%252526redirect_uri%25253Dhttps%2525253A%2525252F%2525252Floop.coze.cn%2525252Fauth%2525252Fcallback%252526scenario%25253Dcoze%2526client_id%253D9836804098%2526scenario%253Dcoze%26scenario%3Dcoze%26utm_source%3Dcoze%26utm_medium%3Dcoze_fusion%26utm_term%3Dcoze_signin%26utm_campaign%3Dfrom_coze%26utm_content%3Dcoze_signin%26auto_confirm%3D1&scenario=coze&utm_campaign=from_coze&utm_content=coze_signin&utm_medium=coze_fusion&utm_source=coze&utm_term=coze_signin:0
[   71170ms] [WARNING] The resource https://res.gcloudcache.com/volc-fe/vconsole-static/auth.coze-bg-20260119.5a88bca7.jpg was preloaded using link preload but not used within a few seconds from the window's load event. Please make sure it has an appropriate `as` value and it is preloaded intentionally. @ https://signin.volcengine.com/auth/login/?redirectURI=https%3A%2F%2Fsignin.volcengine.com%2Fapi%2Fpassport%2Fsso%2FOIDCAuth%3Fclient_id%3D490362313be302cd4bf07a084b99dbdf%26response_type%3Dcode%26redirect_uri%3Dhttps%253A%252F%252Fsignin.volcengine.com%252Fapi%252Fcloudidentity%252Fauthorize%252FgeneralCallback%26state%3Dredirect_uri%253Dhttps%25253A%25252F%25252Fsignin-saas.volccloudidentity.com%25252Fapi%25252Fcloudidentity%25252Fauthorize%25252FfederateOAuth%25253Fclient_id%25253D9836804098%252526state%25253D%2525257B%25252522platform%25252522%2525253A%25252522eps_cloud_identity%25252522%2525252C%25252522navigatePath%25252522%2525253A%25252522https%2525253A%2525252F%2525252Floop.coze.cn%2525252Fconsole%2525252Fenterprise%2525252Fpersonal%2525252Fspace%2525252F7487806534651887643%2525252Fpe%2525252Fprompts%25252522%2525252C%25252522type%25252522%2525253A%25252522login%25252522%2525257D%252526response_type%25253Dcode%252526redirect_uri%25253Dhttps%2525253A%2525252F%2525252Floop.coze.cn%2525252Fauth%2525252Fcallback%252526scenario%25253Dcoze%2526client_id%253D9836804098%2526scenario%253Dcoze%26scenario%3Dcoze%26utm_source%3Dcoze%26utm_medium%3Dcoze_fusion%26utm_term%3Dcoze_signin%26utm_campaign%3Dfrom_coze%26utm_content%3Dcoze_signin%26auto_confirm%3D1&scenario=coze&utm_campaign=from_coze&utm_content=coze_signin&utm_medium=coze_fusion&utm_source=coze&utm_term=coze_signin:0
[   71170ms] [WARNING] The resource https://res.gcloudcache.com/volc-fe/vconsole-static/auth.coze-left-cover-20260119.c3c0e749.png was preloaded using link preload but not used within a few seconds from the window's load event. Please make sure it has an appropriate `as` value and it is preloaded intentionally. @ https://signin.volcengine.com/auth/login/?redirectURI=https%3A%2F%2Fsignin.volcengine.com%2Fapi%2Fpassport%2Fsso%2FOIDCAuth%3Fclient_id%3D490362313be302cd4bf07a084b99dbdf%26response_type%3Dcode%26redirect_uri%3Dhttps%253A%252F%252Fsignin.volcengine.com%252Fapi%252Fcloudidentity%252Fauthorize%252FgeneralCallback%26state%3Dredirect_uri%253Dhttps%25253A%25252F%25252Fsignin-saas.volccloudidentity.com%25252Fapi%25252Fcloudidentity%25252Fauthorize%25252FfederateOAuth%25253Fclient_id%25253D9836804098%252526state%25253D%2525257B%25252522platform%25252522%2525253A%25252522eps_cloud_identity%25252522%2525252C%25252522navigatePath%25252522%2525253A%25252522https%2525253A%2525252F%2525252Floop.coze.cn%2525252Fconsole%2525252Fenterprise%2525252Fpersonal%2525252Fspace%2525252F7487806534651887643%2525252Fpe%2525252Fprompts%25252522%2525252C%25252522type%25252522%2525253A%25252522login%25252522%2525257D%252526response_type%25253Dcode%252526redirect_uri%25253Dhttps%2525253A%2525252F%2525252Floop.coze.cn%2525252Fauth%2525252Fcallback%252526scenario%25253Dcoze%2526client_id%253D9836804098%2526scenario%253Dcoze%26scenario%3Dcoze%26utm_source%3Dcoze%26utm_medium%3Dcoze_fusion%26utm_term%3Dcoze_signin%26utm_campaign%3Dfrom_coze%26utm_content%3Dcoze_signin%26auto_confirm%3D1&scenario=coze&utm_campaign=from_coze&utm_content=coze_signin&utm_medium=coze_fusion&utm_source=coze&utm_term=coze_signin:0
[   78155ms] [WARNING] The resource https://res.gcloudcache.com/volc-fe/volcengine-platform-runtime/core-js.761d4db2.js was preloaded using link preload but not used within a few seconds from the window's load event. Please make sure it has an appropriate `as` value and it is preloaded intentionally. @ https://signin.volcengine.com/auth/login/?redirectURI=https%3A%2F%2Fsignin.volcengine.com%2Fapi%2Fpassport%2Fsso%2FOIDCAuth%3Fclient_id%3D490362313be302cd4bf07a084b99dbdf%26response_type%3Dcode%26redirect_uri%3Dhttps%253A%252F%252Fsignin.volcengine.com%252Fapi%252Fcloudidentity%252Fauthorize%252FgeneralCallback%26state%3Dredirect_uri%253Dhttps%25253A%25252F%25252Fsignin-saas.volccloudidentity.com%25252Fapi%25252Fcloudidentity%25252Fauthorize%25252FfederateOAuth%25253Fclient_id%25253D9836804098%252526state%25253D%2525257B%25252522platform%25252522%2525253A%25252522eps_cloud_identity%25252522%2525252C%25252522navigatePath%25252522%2525253A%25252522https%2525253A%2525252F%2525252Floop.coze.cn%2525252Fconsole%2525252Fenterprise%2525252Fpersonal%2525252Fspace%2525252F7487806534651887643%2525252Fpe%2525252Fprompts%25252522%2525252C%25252522type%25252522%2525253A%25252522login%25252522%2525257D%252526response_type%25253Dcode%252526redirect_uri%25253Dhttps%2525253A%2525252F%2525252Floop.coze.cn%2525252Fauth%2525252Fcallback%252526scenario%25253Dcoze%2526client_id%253D9836804098%2526scenario%253Dcoze%26scenario%3Dcoze%26utm_source%3Dcoze%26utm_medium%3Dcoze_fusion%26utm_term%3Dcoze_signin%26utm_campaign%3Dfrom_coze%26utm_content%3Dcoze_signin%26auto_confirm%3D1&scenario=coze&utm_campaign=from_coze&utm_content=coze_signin&utm_medium=coze_fusion&utm_source=coze&utm_term=coze_signin:0
[   78156ms] [WARNING] The resource https://res.gcloudcache.com/volc-fe/vconsole-static/auth.coze-logo-20260116.4b4f0df0.png was preloaded using link preload but not used within a few seconds from the window's load event. Please make sure it has an appropriate `as` value and it is preloaded intentionally. @ https://signin.volcengine.com/auth/login/?redirectURI=https%3A%2F%2Fsignin.volcengine.com%2Fapi%2Fpassport%2Fsso%2FOIDCAuth%3Fclient_id%3D490362313be302cd4bf07a084b99dbdf%26response_type%3Dcode%26redirect_uri%3Dhttps%253A%252F%252Fsignin.volcengine.com%252Fapi%252Fcloudidentity%252Fauthorize%252FgeneralCallback%26state%3Dredirect_uri%253Dhttps%25253A%25252F%25252Fsignin-saas.volccloudidentity.com%25252Fapi%25252Fcloudidentity%25252Fauthorize%25252FfederateOAuth%25253Fclient_id%25253D9836804098%252526state%25253D%2525257B%25252522platform%25252522%2525253A%25252522eps_cloud_identity%25252522%2525252C%25252522navigatePath%25252522%2525253A%25252522https%2525253A%2525252F%2525252Floop.coze.cn%2525252Fconsole%2525252Fenterprise%2525252Fpersonal%2525252Fspace%2525252F7487806534651887643%2525252Fpe%2525252Fprompts%25252522%2525252C%25252522type%25252522%2525253A%25252522login%25252522%2525257D%252526response_type%25253Dcode%252526redirect_uri%25253Dhttps%2525253A%2525252F%2525252Floop.coze.cn%2525252Fauth%2525252Fcallback%252526scenario%25253Dcoze%2526client_id%253D9836804098%2526scenario%253Dcoze%26scenario%3Dcoze%26utm_source%3Dcoze%26utm_medium%3Dcoze_fusion%26utm_term%3Dcoze_signin%26utm_campaign%3Dfrom_coze%26utm_content%3Dcoze_signin%26auto_confirm%3D1&scenario=coze&utm_campaign=from_coze&utm_content=coze_signin&utm_medium=coze_fusion&utm_source=coze&utm_term=coze_signin:0
[   78156ms] [WARNING] The resource https://res.gcloudcache.com/volc-fe/vconsole-static/auth.coze-bg-20260119.5a88bca7.jpg was preloaded using link preload but not used within a few seconds from the window's load event. Please make sure it has an appropriate `as` value and it is preloaded intentionally. @ https://signin.volcengine.com/auth/login/?redirectURI=https%3A%2F%2Fsignin.volcengine.com%2Fapi%2Fpassport%2Fsso%2FOIDCAuth%3Fclient_id%3D490362313be302cd4bf07a084b99dbdf%26response_type%3Dcode%26redirect_uri%3Dhttps%253A%252F%252Fsignin.volcengine.com%252Fapi%252Fcloudidentity%252Fauthorize%252FgeneralCallback%26state%3Dredirect_uri%253Dhttps%25253A%25252F%25252Fsignin-saas.volccloudidentity.com%25252Fapi%25252Fcloudidentity%25252Fauthorize%25252FfederateOAuth%25253Fclient_id%25253D9836804098%252526state%25253D%2525257B%25252522platform%25252522%2525253A%25252522eps_cloud_identity%25252522%2525252C%25252522navigatePath%25252522%2525253A%25252522https%2525253A%2525252F%2525252Floop.coze.cn%2525252Fconsole%2525252Fenterprise%2525252Fpersonal%2525252Fspace%2525252F7487806534651887643%2525252Fpe%2525252Fprompts%25252522%2525252C%25252522type%25252522%2525253A%25252522login%25252522%2525257D%252526response_type%25253Dcode%252526redirect_uri%25253Dhttps%2525253A%2525252F%2525252Floop.coze.cn%2525252Fauth%2525252Fcallback%252526scenario%25253Dcoze%2526client_id%253D9836804098%2526scenario%253Dcoze%26scenario%3Dcoze%26utm_source%3Dcoze%26utm_medium%3Dcoze_fusion%26utm_term%3Dcoze_signin%26utm_campaign%3Dfrom_coze%26utm_content%3Dcoze_signin%26auto_confirm%3D1&scenario=coze&utm_campaign=from_coze&utm_content=coze_signin&utm_medium=coze_fusion&utm_source=coze&utm_term=coze_signin:0
[   78156ms] [WARNING] The resource https://res.gcloudcache.com/volc-fe/vconsole-static/auth.coze-left-cover-20260119.c3c0e749.png was preloaded using link preload but not used within a few seconds from the window's load event. Please make sure it has an appropriate `as` value and it is preloaded intentionally. @ https://signin.volcengine.com/auth/login/?redirectURI=https%3A%2F%2Fsignin.volcengine.com%2Fapi%2Fpassport%2Fsso%2FOIDCAuth%3Fclient_id%3D490362313be302cd4bf07a084b99dbdf%26response_type%3Dcode%26redirect_uri%3Dhttps%253A%252F%252Fsignin.volcengine.com%252Fapi%252Fcloudidentity%252Fauthorize%252FgeneralCallback%26state%3Dredirect_uri%253Dhttps%25253A%25252F%25252Fsignin-saas.volccloudidentity.com%25252Fapi%25252Fcloudidentity%25252Fauthorize%25252FfederateOAuth%25253Fclient_id%25253D9836804098%252526state%25253D%2525257B%25252522platform%25252522%2525253A%25252522eps_cloud_identity%25252522%2525252C%25252522navigatePath%25252522%2525253A%25252522https%2525253A%2525252F%2525252Floop.coze.cn%2525252Fconsole%2525252Fenterprise%2525252Fpersonal%2525252Fspace%2525252F7487806534651887643%2525252Fpe%2525252Fprompts%25252522%2525252C%25252522type%25252522%2525253A%25252522login%25252522%2525257D%252526response_type%25253Dcode%252526redirect_uri%25253Dhttps%2525253A%2525252F%2525252Floop.coze.cn%2525252Fauth%2525252Fcallback%252526scenario%25253Dcoze%2526client_id%253D9836804098%2526scenario%253Dcoze%26scenario%3Dcoze%26utm_source%3Dcoze%26utm_medium%3Dcoze_fusion%26utm_term%3Dcoze_signin%26utm_campaign%3Dfrom_coze%26utm_content%3Dcoze_signin%26auto_confirm%3D1&scenario=coze&utm_campaign=from_coze&utm_content=coze_signin&utm_medium=coze_fusion&utm_source=coze&utm_term=coze_signin:0
[   78589ms] [LOG] [captcha] TTGCaptcha err {name: answer_error, message: [captcha sdk] 验证失败，请根据提示重新操作} @ https://res.volccdn.com/obj/volc-console-fe/vconsole-auth/volcengine/static/js/1.0.0.2590/main.2018c4a4.js:1
[   80924ms] [WARNING] Canvas2D: Multiple readback operations using getImageData are faster with the willReadFrequently attribute set to true. See: https://html.spec.whatwg.org/multipage/canvas.html#concept-canvas-will-read-frequently @ https://res.volccdn.com/obj/rc-verifycenter/rmc-captcha/1.0.0.836/captcha.js:0
[   84988ms] [WARNING] The resource https://res.gcloudcache.com/volc-fe/volcengine-platform-runtime/core-js.761d4db2.js was preloaded using link preload but not used within a few seconds from the window's load event. Please make sure it has an appropriate `as` value and it is preloaded intentionally. @ https://signin.volcengine.com/auth/login/?redirectURI=https%3A%2F%2Fsignin.volcengine.com%2Fapi%2Fpassport%2Fsso%2FOIDCAuth%3Fclient_id%3D490362313be302cd4bf07a084b99dbdf%26response_type%3Dcode%26redirect_uri%3Dhttps%253A%252F%252Fsignin.volcengine.com%252Fapi%252Fcloudidentity%252Fauthorize%252FgeneralCallback%26state%3Dredirect_uri%253Dhttps%25253A%25252F%25252Fsignin-saas.volccloudidentity.com%25252Fapi%25252Fcloudidentity%25252Fauthorize%25252FfederateOAuth%25253Fclient_id%25253D9836804098%252526state%25253D%2525257B%25252522platform%25252522%2525253A%25252522eps_cloud_identity%25252522%2525252C%25252522navigatePath%25252522%2525253A%25252522https%2525253A%2525252F%2525252Floop.coze.cn%2525252Fconsole%2525252Fenterprise%2525252Fpersonal%2525252Fspace%2525252F7487806534651887643%2525252Fpe%2525252Fprompts%25252522%2525252C%25252522type%25252522%2525253A%25252522login%25252522%2525257D%252526response_type%25253Dcode%252526redirect_uri%25253Dhttps%2525253A%2525252F%2525252Floop.coze.cn%2525252Fauth%2525252Fcallback%252526scenario%25253Dcoze%2526client_id%253D9836804098%2526scenario%253Dcoze%26scenario%3Dcoze%26utm_source%3Dcoze%26utm_medium%3Dcoze_fusion%26utm_term%3Dcoze_signin%26utm_campaign%3Dfrom_coze%26utm_content%3Dcoze_signin%26auto_confirm%3D1&scenario=coze&utm_campaign=from_coze&utm_content=coze_signin&utm_medium=coze_fusion&utm_source=coze&utm_term=coze_signin:0
[   84988ms] [WARNING] The resource https://res.gcloudcache.com/volc-fe/vconsole-static/auth.coze-logo-20260116.4b4f0df0.png was preloaded using link preload but not used within a few seconds from the window's load event. Please make sure it has an appropriate `as` value and it is preloaded intentionally. @ https://signin.volcengine.com/auth/login/?redirectURI=https%3A%2F%2Fsignin.volcengine.com%2Fapi%2Fpassport%2Fsso%2FOIDCAuth%3Fclient_id%3D490362313be302cd4bf07a084b99dbdf%26response_type%3Dcode%26redirect_uri%3Dhttps%253A%252F%252Fsignin.volcengine.com%252Fapi%252Fcloudidentity%252Fauthorize%252FgeneralCallback%26state%3Dredirect_uri%253Dhttps%25253A%25252F%25252Fsignin-saas.volccloudidentity.com%25252Fapi%25252Fcloudidentity%25252Fauthorize%25252FfederateOAuth%25253Fclient_id%25253D9836804098%252526state%25253D%2525257B%25252522platform%25252522%2525253A%25252522eps_cloud_identity%25252522%2525252C%25252522navigatePath%25252522%2525253A%25252522https%2525253A%2525252F%2525252Floop.coze.cn%2525252Fconsole%2525252Fenterprise%2525252Fpersonal%2525252Fspace%2525252F7487806534651887643%2525252Fpe%2525252Fprompts%25252522%2525252C%25252522type%25252522%2525253A%25252522login%25252522%2525257D%252526response_type%25253Dcode%252526redirect_uri%25253Dhttps%2525253A%2525252F%2525252Floop.coze.cn%2525252Fauth%2525252Fcallback%252526scenario%25253Dcoze%2526client_id%253D9836804098%2526scenario%253Dcoze%26scenario%3Dcoze%26utm_source%3Dcoze%26utm_medium%3Dcoze_fusion%26utm_term%3Dcoze_signin%26utm_campaign%3Dfrom_coze%26utm_content%3Dcoze_signin%26auto_confirm%3D1&scenario=coze&utm_campaign=from_coze&utm_content=coze_signin&utm_medium=coze_fusion&utm_source=coze&utm_term=coze_signin:0
[   84988ms] [WARNING] The resource https://res.gcloudcache.com/volc-fe/vconsole-static/auth.coze-bg-20260119.5a88bca7.jpg was preloaded using link preload but not used within a few seconds from the window's load event. Please make sure it has an appropriate `as` value and it is preloaded intentionally. @ https://signin.volcengine.com/auth/login/?redirectURI=https%3A%2F%2Fsignin.volcengine.com%2Fapi%2Fpassport%2Fsso%2FOIDCAuth%3Fclient_id%3D490362313be302cd4bf07a084b99dbdf%26response_type%3Dcode%26redirect_uri%3Dhttps%253A%252F%252Fsignin.volcengine.com%252Fapi%252Fcloudidentity%252Fauthorize%252FgeneralCallback%26state%3Dredirect_uri%253Dhttps%25253A%25252F%25252Fsignin-saas.volccloudidentity.com%25252Fapi%25252Fcloudidentity%25252Fauthorize%25252FfederateOAuth%25253Fclient_id%25253D9836804098%252526state%25253D%2525257B%25252522platform%25252522%2525253A%25252522eps_cloud_identity%25252522%2525252C%25252522navigatePath%25252522%2525253A%25252522https%2525253A%2525252F%2525252Floop.coze.cn%2525252Fconsole%2525252Fenterprise%2525252Fpersonal%2525252Fspace%2525252F7487806534651887643%2525252Fpe%2525252Fprompts%25252522%2525252C%25252522type%25252522%2525253A%25252522login%25252522%2525257D%252526response_type%25253Dcode%252526redirect_uri%25253Dhttps%2525253A%2525252F%2525252Floop.coze.cn%2525252Fauth%2525252Fcallback%252526scenario%25253Dcoze%2526client_id%253D9836804098%2526scenario%253Dcoze%26scenario%3Dcoze%26utm_source%3Dcoze%26utm_medium%3Dcoze_fusion%26utm_term%3Dcoze_signin%26utm_campaign%3Dfrom_coze%26utm_content%3Dcoze_signin%26auto_confirm%3D1&scenario=coze&utm_campaign=from_coze&utm_content=coze_signin&utm_medium=coze_fusion&utm_source=coze&utm_term=coze_signin:0
[   84988ms] [WARNING] The resource https://res.gcloudcache.com/volc-fe/vconsole-static/auth.coze-left-cover-20260119.c3c0e749.png was preloaded using link preload but not used within a few seconds from the window's load event. Please make sure it has an appropriate `as` value and it is preloaded intentionally. @ https://signin.volcengine.com/auth/login/?redirectURI=https%3A%2F%2Fsignin.volcengine.com%2Fapi%2Fpassport%2Fsso%2FOIDCAuth%3Fclient_id%3D490362313be302cd4bf07a084b99dbdf%26response_type%3Dcode%26redirect_uri%3Dhttps%253A%252F%252Fsignin.volcengine.com%252Fapi%252Fcloudidentity%252Fauthorize%252FgeneralCallback%26state%3Dredirect_uri%253Dhttps%25253A%25252F%25252Fsignin-saas.volccloudidentity.com%25252Fapi%25252Fcloudidentity%25252Fauthorize%25252FfederateOAuth%25253Fclient_id%25253D9836804098%252526state%25253D%2525257B%25252522platform%25252522%2525253A%25252522eps_cloud_identity%25252522%2525252C%25252522navigatePath%25252522%2525253A%25252522https%2525253A%2525252F%2525252Floop.coze.cn%2525252Fconsole%2525252Fenterprise%2525252Fpersonal%2525252Fspace%2525252F7487806534651887643%2525252Fpe%2525252Fprompts%25252522%2525252C%25252522type%25252522%2525253A%25252522login%25252522%2525257D%252526response_type%25253Dcode%252526redirect_uri%25253Dhttps%2525253A%2525252F%2525252Floop.coze.cn%2525252Fauth%2525252Fcallback%252526scenario%25253Dcoze%2526client_id%253D9836804098%2526scenario%253Dcoze%26scenario%3Dcoze%26utm_source%3Dcoze%26utm_medium%3Dcoze_fusion%26utm_term%3Dcoze_signin%26utm_campaign%3Dfrom_coze%26utm_content%3Dcoze_signin%26auto_confirm%3D1&scenario=coze&utm_campaign=from_coze&utm_content=coze_signin&utm_medium=coze_fusion&utm_source=coze&utm_term=coze_signin:0
[   98199ms] [WARNING] The resource https://res.gcloudcache.com/volc-fe/volcengine-platform-runtime/core-js.761d4db2.js was preloaded using link preload but not used within a few seconds from the window's load event. Please make sure it has an appropriate `as` value and it is preloaded intentionally. @ https://signin.volcengine.com/auth/login/?redirectURI=https%3A%2F%2Fsignin.volcengine.com%2Fapi%2Fpassport%2Fsso%2FOIDCAuth%3Fclient_id%3D490362313be302cd4bf07a084b99dbdf%26response_type%3Dcode%26redirect_uri%3Dhttps%253A%252F%252Fsignin.volcengine.com%252Fapi%252Fcloudidentity%252Fauthorize%252FgeneralCallback%26state%3Dredirect_uri%253Dhttps%25253A%25252F%25252Fsignin-saas.volccloudidentity.com%25252Fapi%25252Fcloudidentity%25252Fauthorize%25252FfederateOAuth%25253Fclient_id%25253D9836804098%252526state%25253D%2525257B%25252522platform%25252522%2525253A%25252522eps_cloud_identity%25252522%2525252C%25252522navigatePath%25252522%2525253A%25252522https%2525253A%2525252F%2525252Floop.coze.cn%2525252Fconsole%2525252Fenterprise%2525252Fpersonal%2525252Fspace%2525252F7487806534651887643%2525252Fpe%2525252Fprompts%25252522%2525252C%25252522type%25252522%2525253A%25252522login%25252522%2525257D%252526response_type%25253Dcode%252526redirect_uri%25253Dhttps%2525253A%2525252F%2525252Floop.coze.cn%2525252Fauth%2525252Fcallback%252526scenario%25253Dcoze%2526client_id%253D9836804098%2526scenario%253Dcoze%26scenario%3Dcoze%26utm_source%3Dcoze%26utm_medium%3Dcoze_fusion%26utm_term%3Dcoze_signin%26utm_campaign%3Dfrom_coze%26utm_content%3Dcoze_signin%26auto_confirm%3D1&scenario=coze&utm_campaign=from_coze&utm_content=coze_signin&utm_medium=coze_fusion&utm_source=coze&utm_term=coze_signin:0
[   98199ms] [WARNING] The resource https://res.gcloudcache.com/volc-fe/vconsole-static/auth.coze-logo-20260116.4b4f0df0.png was preloaded using link preload but not used within a few seconds from the window's load event. Please make sure it has an appropriate `as` value and it is preloaded intentionally. @ https://signin.volcengine.com/auth/login/?redirectURI=https%3A%2F%2Fsignin.volcengine.com%2Fapi%2Fpassport%2Fsso%2FOIDCAuth%3Fclient_id%3D490362313be302cd4bf07a084b99dbdf%26response_type%3Dcode%26redirect_uri%3Dhttps%253A%252F%252Fsignin.volcengine.com%252Fapi%252Fcloudidentity%252Fauthorize%252FgeneralCallback%26state%3Dredirect_uri%253Dhttps%25253A%25252F%25252Fsignin-saas.volccloudidentity.com%25252Fapi%25252Fcloudidentity%25252Fauthorize%25252FfederateOAuth%25253Fclient_id%25253D9836804098%252526state%25253D%2525257B%25252522platform%25252522%2525253A%25252522eps_cloud_identity%25252522%2525252C%25252522navigatePath%25252522%2525253A%25252522https%2525253A%2525252F%2525252Floop.coze.cn%2525252Fconsole%2525252Fenterprise%2525252Fpersonal%2525252Fspace%2525252F7487806534651887643%2525252Fpe%2525252Fprompts%25252522%2525252C%25252522type%25252522%2525253A%25252522login%25252522%2525257D%252526response_type%25253Dcode%252526redirect_uri%25253Dhttps%2525253A%2525252F%2525252Floop.coze.cn%2525252Fauth%2525252Fcallback%252526scenario%25253Dcoze%2526client_id%253D9836804098%2526scenario%253Dcoze%26scenario%3Dcoze%26utm_source%3Dcoze%26utm_medium%3Dcoze_fusion%26utm_term%3Dcoze_signin%26utm_campaign%3Dfrom_coze%26utm_content%3Dcoze_signin%26auto_confirm%3D1&scenario=coze&utm_campaign=from_coze&utm_content=coze_signin&utm_medium=coze_fusion&utm_source=coze&utm_term=coze_signin:0
[   98199ms] [WARNING] The resource https://res.gcloudcache.com/volc-fe/vconsole-static/auth.coze-bg-20260119.5a88bca7.jpg was preloaded using link preload but not used within a few seconds from the window's load event. Please make sure it has an appropriate `as` value and it is preloaded intentionally. @ https://signin.volcengine.com/auth/login/?redirectURI=https%3A%2F%2Fsignin.volcengine.com%2Fapi%2Fpassport%2Fsso%2FOIDCAuth%3Fclient_id%3D490362313be302cd4bf07a084b99dbdf%26response_type%3Dcode%26redirect_uri%3Dhttps%253A%252F%252Fsignin.volcengine.com%252Fapi%252Fcloudidentity%252Fauthorize%252FgeneralCallback%26state%3Dredirect_uri%253Dhttps%25253A%25252F%25252Fsignin-saas.volccloudidentity.com%25252Fapi%25252Fcloudidentity%25252Fauthorize%25252FfederateOAuth%25253Fclient_id%25253D9836804098%252526state%25253D%2525257B%25252522platform%25252522%2525253A%25252522eps_cloud_identity%25252522%2525252C%25252522navigatePath%25252522%2525253A%25252522https%2525253A%2525252F%2525252Floop.coze.cn%2525252Fconsole%2525252Fenterprise%2525252Fpersonal%2525252Fspace%2525252F7487806534651887643%2525252Fpe%2525252Fprompts%25252522%2525252C%25252522type%25252522%2525253A%25252522login%25252522%2525257D%252526response_type%25253Dcode%252526redirect_uri%25253Dhttps%2525253A%2525252F%2525252Floop.coze.cn%2525252Fauth%2525252Fcallback%252526scenario%25253Dcoze%2526client_id%253D9836804098%2526scenario%253Dcoze%26scenario%3Dcoze%26utm_source%3Dcoze%26utm_medium%3Dcoze_fusion%26utm_term%3Dcoze_signin%26utm_campaign%3Dfrom_coze%26utm_content%3Dcoze_signin%26auto_confirm%3D1&scenario=coze&utm_campaign=from_coze&utm_content=coze_signin&utm_medium=coze_fusion&utm_source=coze&utm_term=coze_signin:0
[   98199ms] [WARNING] The resource https://res.gcloudcache.com/volc-fe/vconsole-static/auth.coze-left-cover-20260119.c3c0e749.png was preloaded using link preload but not used within a few seconds from the window's load event. Please make sure it has an appropriate `as` value and it is preloaded intentionally. @ https://signin.volcengine.com/auth/login/?redirectURI=https%3A%2F%2Fsignin.volcengine.com%2Fapi%2Fpassport%2Fsso%2FOIDCAuth%3Fclient_id%3D490362313be302cd4bf07a084b99dbdf%26response_type%3Dcode%26redirect_uri%3Dhttps%253A%252F%252Fsignin.volcengine.com%252Fapi%252Fcloudidentity%252Fauthorize%252FgeneralCallback%26state%3Dredirect_uri%253Dhttps%25253A%25252F%25252Fsignin-saas.volccloudidentity.com%25252Fapi%25252Fcloudidentity%25252Fauthorize%25252FfederateOAuth%25253Fclient_id%25253D9836804098%252526state%25253D%2525257B%25252522platform%25252522%2525253A%25252522eps_cloud_identity%25252522%2525252C%25252522navigatePath%25252522%2525253A%25252522https%2525253A%2525252F%2525252Floop.coze.cn%2525252Fconsole%2525252Fenterprise%2525252Fpersonal%2525252Fspace%2525252F7487806534651887643%2525252Fpe%2525252Fprompts%25252522%2525252C%25252522type%25252522%2525253A%25252522login%25252522%2525257D%252526response_type%25253Dcode%252526redirect_uri%25253Dhttps%2525253A%2525252F%2525252Floop.coze.cn%2525252Fauth%2525252Fcallback%252526scenario%25253Dcoze%2526client_id%253D9836804098%2526scenario%253Dcoze%26scenario%3Dcoze%26utm_source%3Dcoze%26utm_medium%3Dcoze_fusion%26utm_term%3Dcoze_signin%26utm_campaign%3Dfrom_coze%26utm_content%3Dcoze_signin%26auto_confirm%3D1&scenario=coze&utm_campaign=from_coze&utm_content=coze_signin&utm_medium=coze_fusion&utm_source=coze&utm_term=coze_signin:0
[  103454ms] [WARNING] Mixed Content: The page at 'https://signin.volcengine.com/auth/login/?redirectURI=https%3A%2F%2Fsignin.volcengine.com%2Fapi%2Fpassport%2Fsso%2FOIDCAuth%3Fclient_id%3D490362313be302cd4bf07a084b99dbdf%26response_type%3Dcode%26redirect_uri%3Dhttps%253A%252F%252Fsignin.volcengine.com%252Fapi%252Fcloudidentity%252Fauthorize%252FgeneralCallback%26state%3Dredirect_uri%253Dhttps%25253A%25252F%25252Fsignin-saas.volccloudidentity.com%25252Fapi%25252Fcloudidentity%25252Fauthorize%25252FfederateOAuth%25253Fclient_id%25253D9836804098%252526state%...25252522%2525257D%252526response_type%25253Dcode%252526redirect_uri%25253Dhttps%2525253A%2525252F%2525252Floop.coze.cn%2525252Fauth%2525252Fcallback%252526scenario%25253Dcoze%2526client_id%253D9836804098%2526scenario%253Dcoze%26scenario%3Dcoze%26utm_source%3Dcoze%26utm_medium%3Dcoze_fusion%26utm_term%3Dcoze_signin%26utm_campaign%3Dfrom_coze%26utm_content%3Dcoze_signin%26auto_confirm%3D1&scenario=coze&utm_campaign=from_coze&utm_content=coze_signin&utm_medium=coze_fusion&utm_source=coze&utm_term=coze_signin' was loaded over HTTPS, but requested an insecure element 'http://tosv.byted.org/obj/finance/nodata.png'. This request was automatically upgraded to HTTPS, For more information see https://blog.chromium.org/2019/10/no-more-mixed-messages-about-https.html @ https://signin.volcengine.com/auth/login/?redirectURI=https%3A%2F%2Fsignin.volcengine.com%2Fapi%2Fpassport%2Fsso%2FOIDCAuth%3Fclient_id%3D490362313be302cd4bf07a084b99dbdf%26response_type%3Dcode%26redirect_uri%3Dhttps%253A%252F%252Fsignin.volcengine.com%252Fapi%252Fcloudidentity%252Fauthorize%252FgeneralCallback%26state%3Dredirect_uri%253Dhttps%25253A%25252F%25252Fsignin-saas.volccloudidentity.com%25252Fapi%25252Fcloudidentity%25252Fauthorize%25252FfederateOAuth%25253Fclient_id%25253D9836804098%252526state%25253D%2525257B%25252522platform%25252522%2525253A%25252522eps_cloud_identity%25252522%2525252C%25252522navigatePath%25252522%2525253A%25252522https%2525253A%2525252F%2525252Floop.coze.cn%2525252Fconsole%2525252Fenterprise%2525252Fpersonal%2525252Fspace%2525252F7487806534651887643%2525252Fpe%2525252Fprompts%25252522%2525252C%25252522type%25252522%2525253A%25252522login%25252522%2525257D%252526response_type%25253Dcode%252526redirect_uri%25253Dhttps%2525253A%2525252F%2525252Floop.coze.cn%2525252Fauth%2525252Fcallback%252526scenario%25253Dcoze%2526client_id%253D9836804098%2526scenario%253Dcoze%26scenario%3Dcoze%26utm_source%3Dcoze%26utm_medium%3Dcoze_fusion%26utm_term%3Dcoze_signin%26utm_campaign%3Dfrom_coze%26utm_content%3Dcoze_signin%26auto_confirm%3D1&scenario=coze&utm_campaign=from_coze&utm_content=coze_signin&utm_medium=coze_fusion&utm_source=coze&utm_term=coze_signin:0
[  104102ms] [ERROR] Failed to load resource: net::ERR_CONNECTION_CLOSED @ https://tosv.byted.org/obj/finance/nodata.png:0
[  106835ms] [WARNING] config params is error, please check @ https://lf-coze-web-cdn.coze.cn/obj/coze-web-cn/flow/devops/fornax_base_saas/static/js/async/1796.d7cb1d3083.js:1
[  115912ms] [WARNING] The resource https://lf-coze-web-cdn.coze.cn/obj/coze-web-cn/flow/devops/fornax_base_saas/static/js/async/6456.ce54fa1930.js was preloaded using link preload but not used within a few seconds from the window's load event. Please make sure it has an appropriate `as` value and it is preloaded intentionally. @ https://loop.coze.cn/auth/callback?code=YMNMYJZHMJITNJA0YY0ZZTZKLTG2NDMTNDVMYZHKMMVINDZL&state=%7B%22platform%22%3A%22eps_cloud_identity%22%2C%22navigatePath%22%3A%22https%3A%2F%2Floop.coze.cn%2Fconsole%2Fenterprise%2Fpersonal%2Fspace%2F7487806534651887643%2Fpe%2Fprompts%22%2C%22type%22%3A%22login%22%7D&response_type=code:0
[  115912ms] [WARNING] The resource https://lf-coze-web-cdn.coze.cn/obj/coze-web-cn/flow/devops/fornax_base_saas/static/js/async/1969.4bbdb38d57.js was preloaded using link preload but not used within a few seconds from the window's load event. Please make sure it has an appropriate `as` value and it is preloaded intentionally. @ https://loop.coze.cn/auth/callback?code=YMNMYJZHMJITNJA0YY0ZZTZKLTG2NDMTNDVMYZHKMMVINDZL&state=%7B%22platform%22%3A%22eps_cloud_identity%22%2C%22navigatePath%22%3A%22https%3A%2F%2Floop.coze.cn%2Fconsole%2Fenterprise%2Fpersonal%2Fspace%2F7487806534651887643%2Fpe%2Fprompts%22%2C%22type%22%3A%22login%22%7D&response_type=code:0
[  115912ms] [WARNING] The resource https://lf-coze-web-cdn.coze.cn/obj/coze-web-cn/flow/devops/fornax_base_saas/static/js/async/2395.1e8d81f953.js was preloaded using link preload but not used within a few seconds from the window's load event. Please make sure it has an appropriate `as` value and it is preloaded intentionally. @ https://loop.coze.cn/auth/callback?code=YMNMYJZHMJITNJA0YY0ZZTZKLTG2NDMTNDVMYZHKMMVINDZL&state=%7B%22platform%22%3A%22eps_cloud_identity%22%2C%22navigatePath%22%3A%22https%3A%2F%2Floop.coze.cn%2Fconsole%2Fenterprise%2Fpersonal%2Fspace%2F7487806534651887643%2Fpe%2Fprompts%22%2C%22type%22%3A%22login%22%7D&response_type=code:0
[  115912ms] [WARNING] The resource https://lf-coze-web-cdn.coze.cn/obj/coze-web-cn/flow/devops/fornax_base_saas/static/js/async/account-api.2ead5b0e3b.js was preloaded using link preload but not used within a few seconds from the window's load event. Please make sure it has an appropriate `as` value and it is preloaded intentionally. @ https://loop.coze.cn/auth/callback?code=YMNMYJZHMJITNJA0YY0ZZTZKLTG2NDMTNDVMYZHKMMVINDZL&state=%7B%22platform%22%3A%22eps_cloud_identity%22%2C%22navigatePath%22%3A%22https%3A%2F%2Floop.coze.cn%2Fconsole%2Fenterprise%2Fpersonal%2Fspace%2F7487806534651887643%2Fpe%2Fprompts%22%2C%22type%22%3A%22login%22%7D&response_type=code:0
[  119455ms] [WARNING] Failed to parse prompt_service_config_eg, SyntaxError: MALFORMED_ARGUMENT @ https://lf-coze-web-cdn.coze.cn/obj/coze-web-cn/flow/devops/fornax_base_saas/static/js/async/6951.ab47f2e0fa.js:1
[  119455ms] [WARNING] Failed to parse prompt_use_js_configuration, SyntaxError: MALFORMED_ARGUMENT @ https://lf-coze-web-cdn.coze.cn/obj/coze-web-cn/flow/devops/fornax_base_saas/static/js/async/6951.ab47f2e0fa.js:1
[  119455ms] [WARNING] Failed to parse prompt_use_python_configuration, SyntaxError: MALFORMED_ARGUMENT @ https://lf-coze-web-cdn.coze.cn/obj/coze-web-cn/flow/devops/fornax_base_saas/static/js/async/6951.ab47f2e0fa.js:1
[  119456ms] [WARNING] Failed to parse prompt_call_stream, SyntaxError: MALFORMED_ARGUMENT @ https://lf-coze-web-cdn.coze.cn/obj/coze-web-cn/flow/devops/fornax_base_saas/static/js/async/6951.ab47f2e0fa.js:1
[  119456ms] [WARNING] Failed to parse prompt_use_js_streaming_call, SyntaxError: INVALID_ARGUMENT_TYPE @ https://lf-coze-web-cdn.coze.cn/obj/coze-web-cn/flow/devops/fornax_base_saas/static/js/async/6951.ab47f2e0fa.js:1
[  119456ms] [WARNING] Failed to parse prompt_use_python_streaming_call, SyntaxError: MALFORMED_ARGUMENT @ https://lf-coze-web-cdn.coze.cn/obj/coze-web-cn/flow/devops/fornax_base_saas/static/js/async/6951.ab47f2e0fa.js:1
[  119456ms] [WARNING] Failed to parse prompt_service_call_sync, SyntaxError: MALFORMED_ARGUMENT @ https://lf-coze-web-cdn.coze.cn/obj/coze-web-cn/flow/devops/fornax_base_saas/static/js/async/6951.ab47f2e0fa.js:1
[  119456ms] [WARNING] Failed to parse prompt_use_js_synchronous_call, SyntaxError: INVALID_ARGUMENT_TYPE @ https://lf-coze-web-cdn.coze.cn/obj/coze-web-cn/flow/devops/fornax_base_saas/static/js/async/6951.ab47f2e0fa.js:1
[  119456ms] [WARNING] Failed to parse prompt_use_python_simultaneous_call, SyntaxError: MALFORMED_ARGUMENT @ https://lf-coze-web-cdn.coze.cn/obj/coze-web-cn/flow/devops/fornax_base_saas/static/js/async/6951.ab47f2e0fa.js:1
[  119521ms] [WARNING] Failed to parse observation_analysis_report_china_lithium_battery_2025, SyntaxError: MALFORMED_ARGUMENT @ https://lf-coze-web-cdn.coze.cn/obj/coze-web-cn/flow/devops/fornax_base_saas/static/js/async/6951.ab47f2e0fa.js:1
[  119522ms] [WARNING] Failed to parse observation_report_written_and_optimized_2025_china_lithium, SyntaxError: MALFORMED_ARGUMENT @ https://lf-coze-web-cdn.coze.cn/obj/coze-web-cn/flow/devops/fornax_base_saas/static/js/async/6951.ab47f2e0fa.js:1
[  119522ms] [WARNING] Failed to parse observation_analysis_report_china_lithium_battery_2025, SyntaxError: MALFORMED_ARGUMENT @ https://lf-coze-web-cdn.coze.cn/obj/coze-web-cn/flow/devops/fornax_base_saas/static/js/async/6951.ab47f2e0fa.js:1
[  119522ms] [WARNING] Failed to parse observation_report_written_and_optimized_2025_china_lithium, SyntaxError: MALFORMED_ARGUMENT @ https://lf-coze-web-cdn.coze.cn/obj/coze-web-cn/flow/devops/fornax_base_saas/static/js/async/6951.ab47f2e0fa.js:1
[  119522ms] [WARNING] Failed to parse observation_analysis_report_china_lithium_battery_2025, SyntaxError: MALFORMED_ARGUMENT @ https://lf-coze-web-cdn.coze.cn/obj/coze-web-cn/flow/devops/fornax_base_saas/static/js/async/6951.ab47f2e0fa.js:1
[  119522ms] [WARNING] Failed to parse observation_report_written_and_optimized_2025_china_lithium, SyntaxError: MALFORMED_ARGUMENT @ https://lf-coze-web-cdn.coze.cn/obj/coze-web-cn/flow/devops/fornax_base_saas/static/js/async/6951.ab47f2e0fa.js:1
[  119522ms] [WARNING] Failed to parse observation_user_query_task_execution_2025_lithium_report, SyntaxError: MALFORMED_ARGUMENT @ https://lf-coze-web-cdn.coze.cn/obj/coze-web-cn/flow/devops/fornax_base_saas/static/js/async/6951.ab47f2e0fa.js:1
[  119522ms] [WARNING] Failed to parse observation_task_notes_and_tool_invocation_2025_lithium_report, SyntaxError: MALFORMED_ARGUMENT @ https://lf-coze-web-cdn.coze.cn/obj/coze-web-cn/flow/devops/fornax_base_saas/static/js/async/6951.ab47f2e0fa.js:1
[  119522ms] [WARNING] Failed to parse observation_search_query_2025_china_lithium_analysis, SyntaxError: MALFORMED_ARGUMENT @ https://lf-coze-web-cdn.coze.cn/obj/coze-web-cn/flow/devops/fornax_base_saas/static/js/async/6951.ab47f2e0fa.js:1
[  119525ms] [WARNING] Failed to parse prompt_service_init_eg, SyntaxError: MALFORMED_ARGUMENT @ https://lf-coze-web-cdn.coze.cn/obj/coze-web-cn/flow/devops/fornax_base_saas/static/js/async/6951.ab47f2e0fa.js:1
[  119525ms] [WARNING] Failed to parse prompt_service_config_eg, SyntaxError: MALFORMED_ARGUMENT @ https://lf-coze-web-cdn.coze.cn/obj/coze-web-cn/flow/devops/fornax_base_saas/static/js/async/6951.ab47f2e0fa.js:1
[  119525ms] [WARNING] Failed to parse prompt_use_js_configuration, SyntaxError: MALFORMED_ARGUMENT @ https://lf-coze-web-cdn.coze.cn/obj/coze-web-cn/flow/devops/fornax_base_saas/static/js/async/6951.ab47f2e0fa.js:1
[  119526ms] [WARNING] Failed to parse prompt_use_python_configuration, SyntaxError: MALFORMED_ARGUMENT @ https://lf-coze-web-cdn.coze.cn/obj/coze-web-cn/flow/devops/fornax_base_saas/static/js/async/6951.ab47f2e0fa.js:1
[  119526ms] [WARNING] Failed to parse prompt_call_stream, SyntaxError: MALFORMED_ARGUMENT @ https://lf-coze-web-cdn.coze.cn/obj/coze-web-cn/flow/devops/fornax_base_saas/static/js/async/6951.ab47f2e0fa.js:1
[  119526ms] [WARNING] Failed to parse prompt_use_js_streaming_call, SyntaxError: INVALID_ARGUMENT_TYPE @ https://lf-coze-web-cdn.coze.cn/obj/coze-web-cn/flow/devops/fornax_base_saas/static/js/async/6951.ab47f2e0fa.js:1
[  119526ms] [WARNING] Failed to parse prompt_use_python_streaming_call, SyntaxError: MALFORMED_ARGUMENT @ https://lf-coze-web-cdn.coze.cn/obj/coze-web-cn/flow/devops/fornax_base_saas/static/js/async/6951.ab47f2e0fa.js:1
[  119526ms] [WARNING] Failed to parse prompt_service_call_sync, SyntaxError: MALFORMED_ARGUMENT @ https://lf-coze-web-cdn.coze.cn/obj/coze-web-cn/flow/devops/fornax_base_saas/static/js/async/6951.ab47f2e0fa.js:1
[  119526ms] [WARNING] Failed to parse prompt_use_js_synchronous_call, SyntaxError: INVALID_ARGUMENT_TYPE @ https://lf-coze-web-cdn.coze.cn/obj/coze-web-cn/flow/devops/fornax_base_saas/static/js/async/6951.ab47f2e0fa.js:1
[  119526ms] [WARNING] Failed to parse prompt_use_python_simultaneous_call, SyntaxError: MALFORMED_ARGUMENT @ https://lf-coze-web-cdn.coze.cn/obj/coze-web-cn/flow/devops/fornax_base_saas/static/js/async/6951.ab47f2e0fa.js:1
[  119527ms] [WARNING] Failed to parse fornax_prompt_skill_function_list, SyntaxError: MALFORMED_ARGUMENT @ https://lf-coze-web-cdn.coze.cn/obj/coze-web-cn/flow/devops/fornax_base_saas/static/js/async/6951.ab47f2e0fa.js:1
[  120648ms] [WARNING] eventName is null， please check @ https://lf-coze-web-cdn.coze.cn/obj/coze-web-cn/flow/devops/fornax_base_saas/static/js/async/1796.d7cb1d3083.js:1
[  120891ms] [WARNING] config params is error, please check @ https://lf-coze-web-cdn.coze.cn/obj/coze-web-cn/flow/devops/fornax_base_saas/static/js/async/1796.d7cb1d3083.js:1
[  130578ms] [WARNING] Failed to parse prompt_service_config_eg, SyntaxError: MALFORMED_ARGUMENT @ https://lf-coze-web-cdn.coze.cn/obj/coze-web-cn/flow/devops/fornax_base_saas/static/js/async/6951.ab47f2e0fa.js:1
[  130579ms] [WARNING] Failed to parse prompt_use_js_configuration, SyntaxError: MALFORMED_ARGUMENT @ https://lf-coze-web-cdn.coze.cn/obj/coze-web-cn/flow/devops/fornax_base_saas/static/js/async/6951.ab47f2e0fa.js:1
[  130579ms] [WARNING] Failed to parse prompt_use_python_configuration, SyntaxError: MALFORMED_ARGUMENT @ https://lf-coze-web-cdn.coze.cn/obj/coze-web-cn/flow/devops/fornax_base_saas/static/js/async/6951.ab47f2e0fa.js:1
[  130579ms] [WARNING] Failed to parse prompt_call_stream, SyntaxError: MALFORMED_ARGUMENT @ https://lf-coze-web-cdn.coze.cn/obj/coze-web-cn/flow/devops/fornax_base_saas/static/js/async/6951.ab47f2e0fa.js:1
[  130579ms] [WARNING] Failed to parse prompt_use_js_streaming_call, SyntaxError: INVALID_ARGUMENT_TYPE @ https://lf-coze-web-cdn.coze.cn/obj/coze-web-cn/flow/devops/fornax_base_saas/static/js/async/6951.ab47f2e0fa.js:1
[  130579ms] [WARNING] Failed to parse prompt_use_python_streaming_call, SyntaxError: MALFORMED_ARGUMENT @ https://lf-coze-web-cdn.coze.cn/obj/coze-web-cn/flow/devops/fornax_base_saas/static/js/async/6951.ab47f2e0fa.js:1
[  130579ms] [WARNING] Failed to parse prompt_service_call_sync, SyntaxError: MALFORMED_ARGUMENT @ https://lf-coze-web-cdn.coze.cn/obj/coze-web-cn/flow/devops/fornax_base_saas/static/js/async/6951.ab47f2e0fa.js:1
[  130579ms] [WARNING] Failed to parse prompt_use_js_synchronous_call, SyntaxError: INVALID_ARGUMENT_TYPE @ https://lf-coze-web-cdn.coze.cn/obj/coze-web-cn/flow/devops/fornax_base_saas/static/js/async/6951.ab47f2e0fa.js:1
[  130580ms] [WARNING] Failed to parse prompt_use_python_simultaneous_call, SyntaxError: MALFORMED_ARGUMENT @ https://lf-coze-web-cdn.coze.cn/obj/coze-web-cn/flow/devops/fornax_base_saas/static/js/async/6951.ab47f2e0fa.js:1
[  130617ms] [WARNING] Failed to parse observation_analysis_report_china_lithium_battery_2025, SyntaxError: MALFORMED_ARGUMENT @ https://lf-coze-web-cdn.coze.cn/obj/coze-web-cn/flow/devops/fornax_base_saas/static/js/async/6951.ab47f2e0fa.js:1
[  130617ms] [WARNING] Failed to parse observation_report_written_and_optimized_2025_china_lithium, SyntaxError: MALFORMED_ARGUMENT @ https://lf-coze-web-cdn.coze.cn/obj/coze-web-cn/flow/devops/fornax_base_saas/static/js/async/6951.ab47f2e0fa.js:1
[  130617ms] [WARNING] Failed to parse observation_analysis_report_china_lithium_battery_2025, SyntaxError: MALFORMED_ARGUMENT @ https://lf-coze-web-cdn.coze.cn/obj/coze-web-cn/flow/devops/fornax_base_saas/static/js/async/6951.ab47f2e0fa.js:1
[  130617ms] [WARNING] Failed to parse observation_report_written_and_optimized_2025_china_lithium, SyntaxError: MALFORMED_ARGUMENT @ https://lf-coze-web-cdn.coze.cn/obj/coze-web-cn/flow/devops/fornax_base_saas/static/js/async/6951.ab47f2e0fa.js:1
[  130618ms] [WARNING] Failed to parse observation_analysis_report_china_lithium_battery_2025, SyntaxError: MALFORMED_ARGUMENT @ https://lf-coze-web-cdn.coze.cn/obj/coze-web-cn/flow/devops/fornax_base_saas/static/js/async/6951.ab47f2e0fa.js:1
[  130618ms] [WARNING] Failed to parse observation_report_written_and_optimized_2025_china_lithium, SyntaxError: MALFORMED_ARGUMENT @ https://lf-coze-web-cdn.coze.cn/obj/coze-web-cn/flow/devops/fornax_base_saas/static/js/async/6951.ab47f2e0fa.js:1
[  130618ms] [WARNING] Failed to parse observation_user_query_task_execution_2025_lithium_report, SyntaxError: MALFORMED_ARGUMENT @ https://lf-coze-web-cdn.coze.cn/obj/coze-web-cn/flow/devops/fornax_base_saas/static/js/async/6951.ab47f2e0fa.js:1
[  130618ms] [WARNING] Failed to parse observation_task_notes_and_tool_invocation_2025_lithium_report, SyntaxError: MALFORMED_ARGUMENT @ https://lf-coze-web-cdn.coze.cn/obj/coze-web-cn/flow/devops/fornax_base_saas/static/js/async/6951.ab47f2e0fa.js:1
[  130618ms] [WARNING] Failed to parse observation_search_query_2025_china_lithium_analysis, SyntaxError: MALFORMED_ARGUMENT @ https://lf-coze-web-cdn.coze.cn/obj/coze-web-cn/flow/devops/fornax_base_saas/static/js/async/6951.ab47f2e0fa.js:1
[  130620ms] [WARNING] Failed to parse prompt_service_init_eg, SyntaxError: MALFORMED_ARGUMENT @ https://lf-coze-web-cdn.coze.cn/obj/coze-web-cn/flow/devops/fornax_base_saas/static/js/async/6951.ab47f2e0fa.js:1
[  130621ms] [WARNING] Failed to parse prompt_service_config_eg, SyntaxError: MALFORMED_ARGUMENT @ https://lf-coze-web-cdn.coze.cn/obj/coze-web-cn/flow/devops/fornax_base_saas/static/js/async/6951.ab47f2e0fa.js:1
[  130621ms] [WARNING] Failed to parse prompt_use_js_configuration, SyntaxError: MALFORMED_ARGUMENT @ https://lf-coze-web-cdn.coze.cn/obj/coze-web-cn/flow/devops/fornax_base_saas/static/js/async/6951.ab47f2e0fa.js:1
[  130621ms] [WARNING] Failed to parse prompt_use_python_configuration, SyntaxError: MALFORMED_ARGUMENT @ https://lf-coze-web-cdn.coze.cn/obj/coze-web-cn/flow/devops/fornax_base_saas/static/js/async/6951.ab47f2e0fa.js:1
[  130621ms] [WARNING] Failed to parse prompt_call_stream, SyntaxError: MALFORMED_ARGUMENT @ https://lf-coze-web-cdn.coze.cn/obj/coze-web-cn/flow/devops/fornax_base_saas/static/js/async/6951.ab47f2e0fa.js:1
[  130621ms] [WARNING] Failed to parse prompt_use_js_streaming_call, SyntaxError: INVALID_ARGUMENT_TYPE @ https://lf-coze-web-cdn.coze.cn/obj/coze-web-cn/flow/devops/fornax_base_saas/static/js/async/6951.ab47f2e0fa.js:1
[  130621ms] [WARNING] Failed to parse prompt_use_python_streaming_call, SyntaxError: MALFORMED_ARGUMENT @ https://lf-coze-web-cdn.coze.cn/obj/coze-web-cn/flow/devops/fornax_base_saas/static/js/async/6951.ab47f2e0fa.js:1
[  130621ms] [WARNING] Failed to parse prompt_service_call_sync, SyntaxError: MALFORMED_ARGUMENT @ https://lf-coze-web-cdn.coze.cn/obj/coze-web-cn/flow/devops/fornax_base_saas/static/js/async/6951.ab47f2e0fa.js:1
[  130621ms] [WARNING] Failed to parse prompt_use_js_synchronous_call, SyntaxError: INVALID_ARGUMENT_TYPE @ https://lf-coze-web-cdn.coze.cn/obj/coze-web-cn/flow/devops/fornax_base_saas/static/js/async/6951.ab47f2e0fa.js:1
[  130621ms] [WARNING] Failed to parse prompt_use_python_simultaneous_call, SyntaxError: MALFORMED_ARGUMENT @ https://lf-coze-web-cdn.coze.cn/obj/coze-web-cn/flow/devops/fornax_base_saas/static/js/async/6951.ab47f2e0fa.js:1
[  130622ms] [WARNING] Failed to parse fornax_prompt_skill_function_list, SyntaxError: MALFORMED_ARGUMENT @ https://lf-coze-web-cdn.coze.cn/obj/coze-web-cn/flow/devops/fornax_base_saas/static/js/async/6951.ab47f2e0fa.js:1
[  131527ms] [WARNING] Failed to parse prompt_service_config_eg, SyntaxError: MALFORMED_ARGUMENT @ https://lf-coze-web-cdn.coze.cn/obj/coze-web-cn/flow/devops/fornax_base_saas/static/js/async/6951.ab47f2e0fa.js:1
[  131527ms] [WARNING] Failed to parse prompt_use_js_configuration, SyntaxError: MALFORMED_ARGUMENT @ https://lf-coze-web-cdn.coze.cn/obj/coze-web-cn/flow/devops/fornax_base_saas/static/js/async/6951.ab47f2e0fa.js:1
[  131528ms] [WARNING] Failed to parse prompt_use_python_configuration, SyntaxError: MALFORMED_ARGUMENT @ https://lf-coze-web-cdn.coze.cn/obj/coze-web-cn/flow/devops/fornax_base_saas/static/js/async/6951.ab47f2e0fa.js:1
[  131528ms] [WARNING] Failed to parse prompt_call_stream, SyntaxError: MALFORMED_ARGUMENT @ https://lf-coze-web-cdn.coze.cn/obj/coze-web-cn/flow/devops/fornax_base_saas/static/js/async/6951.ab47f2e0fa.js:1
[  131528ms] [WARNING] Failed to parse prompt_use_js_streaming_call, SyntaxError: INVALID_ARGUMENT_TYPE @ https://lf-coze-web-cdn.coze.cn/obj/coze-web-cn/flow/devops/fornax_base_saas/static/js/async/6951.ab47f2e0fa.js:1
[  131529ms] [WARNING] Failed to parse prompt_use_python_streaming_call, SyntaxError: MALFORMED_ARGUMENT @ https://lf-coze-web-cdn.coze.cn/obj/coze-web-cn/flow/devops/fornax_base_saas/static/js/async/6951.ab47f2e0fa.js:1
[  131529ms] [WARNING] Failed to parse prompt_service_call_sync, SyntaxError: MALFORMED_ARGUMENT @ https://lf-coze-web-cdn.coze.cn/obj/coze-web-cn/flow/devops/fornax_base_saas/static/js/async/6951.ab47f2e0fa.js:1
[  131529ms] [WARNING] Failed to parse prompt_use_js_synchronous_call, SyntaxError: INVALID_ARGUMENT_TYPE @ https://lf-coze-web-cdn.coze.cn/obj/coze-web-cn/flow/devops/fornax_base_saas/static/js/async/6951.ab47f2e0fa.js:1
[  131530ms] [WARNING] Failed to parse prompt_use_python_simultaneous_call, SyntaxError: MALFORMED_ARGUMENT @ https://lf-coze-web-cdn.coze.cn/obj/coze-web-cn/flow/devops/fornax_base_saas/static/js/async/6951.ab47f2e0fa.js:1
[  131562ms] [WARNING] Failed to parse prompt_playground_mock_system, SyntaxError: MALFORMED_ARGUMENT @ https://lf-coze-web-cdn.coze.cn/obj/coze-web-cn/flow/devops/fornax_base_saas/static/js/async/6951.ab47f2e0fa.js:1
[  131562ms] [WARNING] Failed to parse prompt_playground_mock_user, SyntaxError: MALFORMED_ARGUMENT @ https://lf-coze-web-cdn.coze.cn/obj/coze-web-cn/flow/devops/fornax_base_saas/static/js/async/6951.ab47f2e0fa.js:1
[  131749ms] [INFO] %cAPI Schema%c✓%c /api/prompt/v1/prompts/list background:#544cfd;color:#fff;padding:1px 4px;border-radius:2px 0 0 2px background:#22c55e;color:#fff;padding:1px 4px;border-radius:0 2px 2px 0 color:#6b7280 {prompts: Array(12), total: 12, users: Array(4), code: 0, msg: } @ https://lf-coze-web-cdn.coze.cn/obj/coze-web-cn/flow/devops/fornax_base_saas/static/js/async/8745.2c20396bd2.js:0
[  240997ms] [INFO] %cAPI Schema%c✓%c /api/prompt/v1/prompts/7491685193644769302?workspace_id=7487806534651887643&with_commit=true&with_draft=true&with_default_config=true background:#544cfd;color:#fff;padding:1px 4px;border-radius:2px 0 0 2px background:#22c55e;color:#fff;padding:1px 4px;border-radius:0 2px 2px 0 color:#6b7280 {default_config: Object, prompt: Object, code: 0, msg: } @ https://lf-coze-web-cdn.coze.cn/obj/coze-web-cn/flow/devops/fornax_base_saas/static/js/async/8745.2c20396bd2.js:0
[  241283ms] [INFO] %cAPI Schema%c✓%c /api/prompt/v1/prompts/7491685193644769302/debug_context/get?workspace_id=7487806534651887643 background:#544cfd;color:#fff;padding:1px 4px;border-radius:2px 0 0 2px background:#22c55e;color:#fff;padding:1px 4px;border-radius:0 2px 2px 0 color:#6b7280 {code: 0, msg: } @ https://lf-coze-web-cdn.coze.cn/obj/coze-web-cn/flow/devops/fornax_base_saas/static/js/async/8745.2c20396bd2.js:0
[  241300ms] [WARNING] Failed to parse prompt_please_input_content_variable_format, SyntaxError: MALFORMED_ARGUMENT @ https://lf-coze-web-cdn.coze.cn/obj/coze-web-cn/flow/devops/fornax_base_saas/static/js/async/6951.ab47f2e0fa.js:1
[  241373ms] [WARNING] Failed to parse prompt_please_input_content_variable_format, SyntaxError: MALFORMED_ARGUMENT @ https://lf-coze-web-cdn.coze.cn/obj/coze-web-cn/flow/devops/fornax_base_saas/static/js/async/6951.ab47f2e0fa.js:1
[  241419ms] [WARNING] Failed to parse prompt_please_input_content_variable_format, SyntaxError: MALFORMED_ARGUMENT @ https://lf-coze-web-cdn.coze.cn/obj/coze-web-cn/flow/devops/fornax_base_saas/static/js/async/6951.ab47f2e0fa.js:1
[  241836ms] [WARNING] Failed to parse prompt_please_input_content_variable_format, SyntaxError: MALFORMED_ARGUMENT @ https://lf-coze-web-cdn.coze.cn/obj/coze-web-cn/flow/devops/fornax_base_saas/static/js/async/6951.ab47f2e0fa.js:1
[  241854ms] [WARNING] Failed to parse prompt_please_input_content_variable_format, SyntaxError: MALFORMED_ARGUMENT @ https://lf-coze-web-cdn.coze.cn/obj/coze-web-cn/flow/devops/fornax_base_saas/static/js/async/6951.ab47f2e0fa.js:1
[  241901ms] [WARNING] Failed to parse prompt_please_input_content_variable_format, SyntaxError: MALFORMED_ARGUMENT @ https://lf-coze-web-cdn.coze.cn/obj/coze-web-cn/flow/devops/fornax_base_saas/static/js/async/6951.ab47f2e0fa.js:1
[  252609ms] [WARNING] Failed to parse prompt_please_input_content_variable_format, SyntaxError: MALFORMED_ARGUMENT @ https://lf-coze-web-cdn.coze.cn/obj/coze-web-cn/flow/devops/fornax_base_saas/static/js/async/6951.ab47f2e0fa.js:1
[  252738ms] [WARNING] Failed to parse prompt_please_input_content_variable_format, SyntaxError: MALFORMED_ARGUMENT @ https://lf-coze-web-cdn.coze.cn/obj/coze-web-cn/flow/devops/fornax_base_saas/static/js/async/6951.ab47f2e0fa.js:1
[  282961ms] [WARNING] Failed to parse prompt_please_input_content_variable_format, SyntaxError: MALFORMED_ARGUMENT @ https://lf-coze-web-cdn.coze.cn/obj/coze-web-cn/flow/devops/fornax_base_saas/static/js/async/6951.ab47f2e0fa.js:1
[  283090ms] [WARNING] Failed to parse prompt_please_input_content_variable_format, SyntaxError: MALFORMED_ARGUMENT @ https://lf-coze-web-cdn.coze.cn/obj/coze-web-cn/flow/devops/fornax_base_saas/static/js/async/6951.ab47f2e0fa.js:1
[  313232ms] [WARNING] Failed to parse prompt_please_input_content_variable_format, SyntaxError: MALFORMED_ARGUMENT @ https://lf-coze-web-cdn.coze.cn/obj/coze-web-cn/flow/devops/fornax_base_saas/static/js/async/6951.ab47f2e0fa.js:1
[  313359ms] [WARNING] Failed to parse prompt_please_input_content_variable_format, SyntaxError: MALFORMED_ARGUMENT @ https://lf-coze-web-cdn.coze.cn/obj/coze-web-cn/flow/devops/fornax_base_saas/static/js/async/6951.ab47f2e0fa.js:1
[  343559ms] [WARNING] Failed to parse prompt_please_input_content_variable_format, SyntaxError: MALFORMED_ARGUMENT @ https://lf-coze-web-cdn.coze.cn/obj/coze-web-cn/flow/devops/fornax_base_saas/static/js/async/6951.ab47f2e0fa.js:1
[  343691ms] [WARNING] Failed to parse prompt_please_input_content_variable_format, SyntaxError: MALFORMED_ARGUMENT @ https://lf-coze-web-cdn.coze.cn/obj/coze-web-cn/flow/devops/fornax_base_saas/static/js/async/6951.ab47f2e0fa.js:1
[  373882ms] [WARNING] Failed to parse prompt_please_input_content_variable_format, SyntaxError: MALFORMED_ARGUMENT @ https://lf-coze-web-cdn.coze.cn/obj/coze-web-cn/flow/devops/fornax_base_saas/static/js/async/6951.ab47f2e0fa.js:1
[  374008ms] [WARNING] Failed to parse prompt_please_input_content_variable_format, SyntaxError: MALFORMED_ARGUMENT @ https://lf-coze-web-cdn.coze.cn/obj/coze-web-cn/flow/devops/fornax_base_saas/static/js/async/6951.ab47f2e0fa.js:1
[  404142ms] [WARNING] Failed to parse prompt_please_input_content_variable_format, SyntaxError: MALFORMED_ARGUMENT @ https://lf-coze-web-cdn.coze.cn/obj/coze-web-cn/flow/devops/fornax_base_saas/static/js/async/6951.ab47f2e0fa.js:1
[  404276ms] [WARNING] Failed to parse prompt_please_input_content_variable_format, SyntaxError: MALFORMED_ARGUMENT @ https://lf-coze-web-cdn.coze.cn/obj/coze-web-cn/flow/devops/fornax_base_saas/static/js/async/6951.ab47f2e0fa.js:1
[  420187ms] [WARNING] Failed to parse prompt_please_input_content_variable_format, SyntaxError: MALFORMED_ARGUMENT @ https://lf-coze-web-cdn.coze.cn/obj/coze-web-cn/flow/devops/fornax_base_saas/static/js/async/6951.ab47f2e0fa.js:1
[  420209ms] [WARNING] Failed to parse prompt_please_input_content_variable_format, SyntaxError: MALFORMED_ARGUMENT @ https://lf-coze-web-cdn.coze.cn/obj/coze-web-cn/flow/devops/fornax_base_saas/static/js/async/6951.ab47f2e0fa.js:1
[  421057ms] [INFO] %cAPI Schema%c✓%c /api/prompt/v1/prompts/7491685193644769302/commits/list? background:#544cfd;color:#fff;padding:1px 4px;border-radius:2px 0 0 2px background:#22c55e;color:#fff;padding:1px 4px;border-radius:0 2px 2px 0 color:#6b7280 {commit_version_label_mapping: Object, prompt_commit_infos: Array(2), users: Array(2), code: 0, msg: } @ https://lf-coze-web-cdn.coze.cn/obj/coze-web-cn/flow/devops/fornax_base_saas/static/js/async/8745.2c20396bd2.js:0
[  434477ms] [WARNING] Failed to parse prompt_please_input_content_variable_format, SyntaxError: MALFORMED_ARGUMENT @ https://lf-coze-web-cdn.coze.cn/obj/coze-web-cn/flow/devops/fornax_base_saas/static/js/async/6951.ab47f2e0fa.js:1
[  434612ms] [WARNING] Failed to parse prompt_please_input_content_variable_format, SyntaxError: MALFORMED_ARGUMENT @ https://lf-coze-web-cdn.coze.cn/obj/coze-web-cn/flow/devops/fornax_base_saas/static/js/async/6951.ab47f2e0fa.js:1
[  460678ms] [WARNING] Failed to parse prompt_please_input_content_variable_format, SyntaxError: MALFORMED_ARGUMENT @ https://lf-coze-web-cdn.coze.cn/obj/coze-web-cn/flow/devops/fornax_base_saas/static/js/async/6951.ab47f2e0fa.js:1
[  460698ms] [WARNING] Failed to parse prompt_please_input_content_variable_format, SyntaxError: MALFORMED_ARGUMENT @ https://lf-coze-web-cdn.coze.cn/obj/coze-web-cn/flow/devops/fornax_base_saas/static/js/async/6951.ab47f2e0fa.js:1
[  464751ms] [WARNING] Failed to parse prompt_please_input_content_variable_format, SyntaxError: MALFORMED_ARGUMENT @ https://lf-coze-web-cdn.coze.cn/obj/coze-web-cn/flow/devops/fornax_base_saas/static/js/async/6951.ab47f2e0fa.js:1
[  464947ms] [WARNING] Failed to parse prompt_please_input_content_variable_format, SyntaxError: MALFORMED_ARGUMENT @ https://lf-coze-web-cdn.coze.cn/obj/coze-web-cn/flow/devops/fornax_base_saas/static/js/async/6951.ab47f2e0fa.js:1
[  468588ms] [WARNING] Failed to parse prompt_please_input_content_variable_format, SyntaxError: MALFORMED_ARGUMENT @ https://lf-coze-web-cdn.coze.cn/obj/coze-web-cn/flow/devops/fornax_base_saas/static/js/async/6951.ab47f2e0fa.js:1
[  468589ms] [WARNING] Failed to parse prompt_please_input_content_variable_format, SyntaxError: MALFORMED_ARGUMENT @ https://lf-coze-web-cdn.coze.cn/obj/coze-web-cn/flow/devops/fornax_base_saas/static/js/async/6951.ab47f2e0fa.js:1
[  468646ms] [WARNING] Failed to parse prompt_please_input_content_variable_format, SyntaxError: MALFORMED_ARGUMENT @ https://lf-coze-web-cdn.coze.cn/obj/coze-web-cn/flow/devops/fornax_base_saas/static/js/async/6951.ab47f2e0fa.js:1
[  468647ms] [WARNING] Failed to parse prompt_please_input_content_variable_format, SyntaxError: MALFORMED_ARGUMENT @ https://lf-coze-web-cdn.coze.cn/obj/coze-web-cn/flow/devops/fornax_base_saas/static/js/async/6951.ab47f2e0fa.js:1
[  468689ms] [WARNING] Failed to parse prompt_please_input_content_variable_format, SyntaxError: MALFORMED_ARGUMENT @ https://lf-coze-web-cdn.coze.cn/obj/coze-web-cn/flow/devops/fornax_base_saas/static/js/async/6951.ab47f2e0fa.js:1
[  468690ms] [WARNING] Failed to parse prompt_please_input_content_variable_format, SyntaxError: MALFORMED_ARGUMENT @ https://lf-coze-web-cdn.coze.cn/obj/coze-web-cn/flow/devops/fornax_base_saas/static/js/async/6951.ab47f2e0fa.js:1
[  469386ms] [WARNING] Failed to parse prompt_please_input_content_variable_format, SyntaxError: MALFORMED_ARGUMENT @ https://lf-coze-web-cdn.coze.cn/obj/coze-web-cn/flow/devops/fornax_base_saas/static/js/async/6951.ab47f2e0fa.js:1
[  469388ms] [WARNING] Failed to parse prompt_please_input_content_variable_format, SyntaxError: MALFORMED_ARGUMENT @ https://lf-coze-web-cdn.coze.cn/obj/coze-web-cn/flow/devops/fornax_base_saas/static/js/async/6951.ab47f2e0fa.js:1
[  469413ms] [WARNING] Failed to parse prompt_please_input_content_variable_format, SyntaxError: MALFORMED_ARGUMENT @ https://lf-coze-web-cdn.coze.cn/obj/coze-web-cn/flow/devops/fornax_base_saas/static/js/async/6951.ab47f2e0fa.js:1
[  469415ms] [WARNING] Failed to parse prompt_please_input_content_variable_format, SyntaxError: MALFORMED_ARGUMENT @ https://lf-coze-web-cdn.coze.cn/obj/coze-web-cn/flow/devops/fornax_base_saas/static/js/async/6951.ab47f2e0fa.js:1
[  495005ms] [WARNING] Failed to parse prompt_please_input_content_variable_format, SyntaxError: MALFORMED_ARGUMENT @ https://lf-coze-web-cdn.coze.cn/obj/coze-web-cn/flow/devops/fornax_base_saas/static/js/async/6951.ab47f2e0fa.js:1
[  495006ms] [WARNING] Failed to parse prompt_please_input_content_variable_format, SyntaxError: MALFORMED_ARGUMENT @ https://lf-coze-web-cdn.coze.cn/obj/coze-web-cn/flow/devops/fornax_base_saas/static/js/async/6951.ab47f2e0fa.js:1
[  495111ms] [WARNING] Failed to parse prompt_please_input_content_variable_format, SyntaxError: MALFORMED_ARGUMENT @ https://lf-coze-web-cdn.coze.cn/obj/coze-web-cn/flow/devops/fornax_base_saas/static/js/async/6951.ab47f2e0fa.js:1
[  495112ms] [WARNING] Failed to parse prompt_please_input_content_variable_format, SyntaxError: MALFORMED_ARGUMENT @ https://lf-coze-web-cdn.coze.cn/obj/coze-web-cn/flow/devops/fornax_base_saas/static/js/async/6951.ab47f2e0fa.js:1
[  525332ms] [WARNING] Failed to parse prompt_please_input_content_variable_format, SyntaxError: MALFORMED_ARGUMENT @ https://lf-coze-web-cdn.coze.cn/obj/coze-web-cn/flow/devops/fornax_base_saas/static/js/async/6951.ab47f2e0fa.js:1
[  525333ms] [WARNING] Failed to parse prompt_please_input_content_variable_format, SyntaxError: MALFORMED_ARGUMENT @ https://lf-coze-web-cdn.coze.cn/obj/coze-web-cn/flow/devops/fornax_base_saas/static/js/async/6951.ab47f2e0fa.js:1
[  525453ms] [WARNING] Failed to parse prompt_please_input_content_variable_format, SyntaxError: MALFORMED_ARGUMENT @ https://lf-coze-web-cdn.coze.cn/obj/coze-web-cn/flow/devops/fornax_base_saas/static/js/async/6951.ab47f2e0fa.js:1
[  525454ms] [WARNING] Failed to parse prompt_please_input_content_variable_format, SyntaxError: MALFORMED_ARGUMENT @ https://lf-coze-web-cdn.coze.cn/obj/coze-web-cn/flow/devops/fornax_base_saas/static/js/async/6951.ab47f2e0fa.js:1
[  555601ms] [WARNING] Failed to parse prompt_please_input_content_variable_format, SyntaxError: MALFORMED_ARGUMENT @ https://lf-coze-web-cdn.coze.cn/obj/coze-web-cn/flow/devops/fornax_base_saas/static/js/async/6951.ab47f2e0fa.js:1
[  555602ms] [WARNING] Failed to parse prompt_please_input_content_variable_format, SyntaxError: MALFORMED_ARGUMENT @ https://lf-coze-web-cdn.coze.cn/obj/coze-web-cn/flow/devops/fornax_base_saas/static/js/async/6951.ab47f2e0fa.js:1
[  555749ms] [WARNING] Failed to parse prompt_please_input_content_variable_format, SyntaxError: MALFORMED_ARGUMENT @ https://lf-coze-web-cdn.coze.cn/obj/coze-web-cn/flow/devops/fornax_base_saas/static/js/async/6951.ab47f2e0fa.js:1
[  555750ms] [WARNING] Failed to parse prompt_please_input_content_variable_format, SyntaxError: MALFORMED_ARGUMENT @ https://lf-coze-web-cdn.coze.cn/obj/coze-web-cn/flow/devops/fornax_base_saas/static/js/async/6951.ab47f2e0fa.js:1
[  585915ms] [WARNING] Failed to parse prompt_please_input_content_variable_format, SyntaxError: MALFORMED_ARGUMENT @ https://lf-coze-web-cdn.coze.cn/obj/coze-web-cn/flow/devops/fornax_base_saas/static/js/async/6951.ab47f2e0fa.js:1
[  585917ms] [WARNING] Failed to parse prompt_please_input_content_variable_format, SyntaxError: MALFORMED_ARGUMENT @ https://lf-coze-web-cdn.coze.cn/obj/coze-web-cn/flow/devops/fornax_base_saas/static/js/async/6951.ab47f2e0fa.js:1
[  586050ms] [WARNING] Failed to parse prompt_please_input_content_variable_format, SyntaxError: MALFORMED_ARGUMENT @ https://lf-coze-web-cdn.coze.cn/obj/coze-web-cn/flow/devops/fornax_base_saas/static/js/async/6951.ab47f2e0fa.js:1
[  586051ms] [WARNING] Failed to parse prompt_please_input_content_variable_format, SyntaxError: MALFORMED_ARGUMENT @ https://lf-coze-web-cdn.coze.cn/obj/coze-web-cn/flow/devops/fornax_base_saas/static/js/async/6951.ab47f2e0fa.js:1
[  616305ms] [WARNING] Failed to parse prompt_please_input_content_variable_format, SyntaxError: MALFORMED_ARGUMENT @ https://lf-coze-web-cdn.coze.cn/obj/coze-web-cn/flow/devops/fornax_base_saas/static/js/async/6951.ab47f2e0fa.js:1
[  616306ms] [WARNING] Failed to parse prompt_please_input_content_variable_format, SyntaxError: MALFORMED_ARGUMENT @ https://lf-coze-web-cdn.coze.cn/obj/coze-web-cn/flow/devops/fornax_base_saas/static/js/async/6951.ab47f2e0fa.js:1
[  616452ms] [WARNING] Failed to parse prompt_please_input_content_variable_format, SyntaxError: MALFORMED_ARGUMENT @ https://lf-coze-web-cdn.coze.cn/obj/coze-web-cn/flow/devops/fornax_base_saas/static/js/async/6951.ab47f2e0fa.js:1
[  616453ms] [WARNING] Failed to parse prompt_please_input_content_variable_format, SyntaxError: MALFORMED_ARGUMENT @ https://lf-coze-web-cdn.coze.cn/obj/coze-web-cn/flow/devops/fornax_base_saas/static/js/async/6951.ab47f2e0fa.js:1
[  646549ms] [WARNING] Failed to parse prompt_please_input_content_variable_format, SyntaxError: MALFORMED_ARGUMENT @ https://lf-coze-web-cdn.coze.cn/obj/coze-web-cn/flow/devops/fornax_base_saas/static/js/async/6951.ab47f2e0fa.js:1
[  646551ms] [WARNING] Failed to parse prompt_please_input_content_variable_format, SyntaxError: MALFORMED_ARGUMENT @ https://lf-coze-web-cdn.coze.cn/obj/coze-web-cn/flow/devops/fornax_base_saas/static/js/async/6951.ab47f2e0fa.js:1
[  646682ms] [WARNING] Failed to parse prompt_please_input_content_variable_format, SyntaxError: MALFORMED_ARGUMENT @ https://lf-coze-web-cdn.coze.cn/obj/coze-web-cn/flow/devops/fornax_base_saas/static/js/async/6951.ab47f2e0fa.js:1
[  646683ms] [WARNING] Failed to parse prompt_please_input_content_variable_format, SyntaxError: MALFORMED_ARGUMENT @ https://lf-coze-web-cdn.coze.cn/obj/coze-web-cn/flow/devops/fornax_base_saas/static/js/async/6951.ab47f2e0fa.js:1
[  676788ms] [WARNING] Failed to parse prompt_please_input_content_variable_format, SyntaxError: MALFORMED_ARGUMENT @ https://lf-coze-web-cdn.coze.cn/obj/coze-web-cn/flow/devops/fornax_base_saas/static/js/async/6951.ab47f2e0fa.js:1
[  676789ms] [WARNING] Failed to parse prompt_please_input_content_variable_format, SyntaxError: MALFORMED_ARGUMENT @ https://lf-coze-web-cdn.coze.cn/obj/coze-web-cn/flow/devops/fornax_base_saas/static/js/async/6951.ab47f2e0fa.js:1
[  676935ms] [WARNING] Failed to parse prompt_please_input_content_variable_format, SyntaxError: MALFORMED_ARGUMENT @ https://lf-coze-web-cdn.coze.cn/obj/coze-web-cn/flow/devops/fornax_base_saas/static/js/async/6951.ab47f2e0fa.js:1
[  676936ms] [WARNING] Failed to parse prompt_please_input_content_variable_format, SyntaxError: MALFORMED_ARGUMENT @ https://lf-coze-web-cdn.coze.cn/obj/coze-web-cn/flow/devops/fornax_base_saas/static/js/async/6951.ab47f2e0fa.js:1
[  707054ms] [WARNING] Failed to parse prompt_please_input_content_variable_format, SyntaxError: MALFORMED_ARGUMENT @ https://lf-coze-web-cdn.coze.cn/obj/coze-web-cn/flow/devops/fornax_base_saas/static/js/async/6951.ab47f2e0fa.js:1
[  707055ms] [WARNING] Failed to parse prompt_please_input_content_variable_format, SyntaxError: MALFORMED_ARGUMENT @ https://lf-coze-web-cdn.coze.cn/obj/coze-web-cn/flow/devops/fornax_base_saas/static/js/async/6951.ab47f2e0fa.js:1
[  707184ms] [WARNING] Failed to parse prompt_please_input_content_variable_format, SyntaxError: MALFORMED_ARGUMENT @ https://lf-coze-web-cdn.coze.cn/obj/coze-web-cn/flow/devops/fornax_base_saas/static/js/async/6951.ab47f2e0fa.js:1
[  707184ms] [WARNING] Failed to parse prompt_please_input_content_variable_format, SyntaxError: MALFORMED_ARGUMENT @ https://lf-coze-web-cdn.coze.cn/obj/coze-web-cn/flow/devops/fornax_base_saas/static/js/async/6951.ab47f2e0fa.js:1
[  737309ms] [WARNING] Failed to parse prompt_please_input_content_variable_format, SyntaxError: MALFORMED_ARGUMENT @ https://lf-coze-web-cdn.coze.cn/obj/coze-web-cn/flow/devops/fornax_base_saas/static/js/async/6951.ab47f2e0fa.js:1
[  737309ms] [WARNING] Failed to parse prompt_please_input_content_variable_format, SyntaxError: MALFORMED_ARGUMENT @ https://lf-coze-web-cdn.coze.cn/obj/coze-web-cn/flow/devops/fornax_base_saas/static/js/async/6951.ab47f2e0fa.js:1
[  737512ms] [WARNING] Failed to parse prompt_please_input_content_variable_format, SyntaxError: MALFORMED_ARGUMENT @ https://lf-coze-web-cdn.coze.cn/obj/coze-web-cn/flow/devops/fornax_base_saas/static/js/async/6951.ab47f2e0fa.js:1
[  737513ms] [WARNING] Failed to parse prompt_please_input_content_variable_format, SyntaxError: MALFORMED_ARGUMENT @ https://lf-coze-web-cdn.coze.cn/obj/coze-web-cn/flow/devops/fornax_base_saas/static/js/async/6951.ab47f2e0fa.js:1
[  767578ms] [WARNING] Failed to parse prompt_please_input_content_variable_format, SyntaxError: MALFORMED_ARGUMENT @ https://lf-coze-web-cdn.coze.cn/obj/coze-web-cn/flow/devops/fornax_base_saas/static/js/async/6951.ab47f2e0fa.js:1
[  767579ms] [WARNING] Failed to parse prompt_please_input_content_variable_format, SyntaxError: MALFORMED_ARGUMENT @ https://lf-coze-web-cdn.coze.cn/obj/coze-web-cn/flow/devops/fornax_base_saas/static/js/async/6951.ab47f2e0fa.js:1
[  767776ms] [WARNING] Failed to parse prompt_please_input_content_variable_format, SyntaxError: MALFORMED_ARGUMENT @ https://lf-coze-web-cdn.coze.cn/obj/coze-web-cn/flow/devops/fornax_base_saas/static/js/async/6951.ab47f2e0fa.js:1
[  767777ms] [WARNING] Failed to parse prompt_please_input_content_variable_format, SyntaxError: MALFORMED_ARGUMENT @ https://lf-coze-web-cdn.coze.cn/obj/coze-web-cn/flow/devops/fornax_base_saas/static/js/async/6951.ab47f2e0fa.js:1
[  797943ms] [WARNING] Failed to parse prompt_please_input_content_variable_format, SyntaxError: MALFORMED_ARGUMENT @ https://lf-coze-web-cdn.coze.cn/obj/coze-web-cn/flow/devops/fornax_base_saas/static/js/async/6951.ab47f2e0fa.js:1
[  797944ms] [WARNING] Failed to parse prompt_please_input_content_variable_format, SyntaxError: MALFORMED_ARGUMENT @ https://lf-coze-web-cdn.coze.cn/obj/coze-web-cn/flow/devops/fornax_base_saas/static/js/async/6951.ab47f2e0fa.js:1
[  798077ms] [WARNING] Failed to parse prompt_please_input_content_variable_format, SyntaxError: MALFORMED_ARGUMENT @ https://lf-coze-web-cdn.coze.cn/obj/coze-web-cn/flow/devops/fornax_base_saas/static/js/async/6951.ab47f2e0fa.js:1
[  798078ms] [WARNING] Failed to parse prompt_please_input_content_variable_format, SyntaxError: MALFORMED_ARGUMENT @ https://lf-coze-web-cdn.coze.cn/obj/coze-web-cn/flow/devops/fornax_base_saas/static/js/async/6951.ab47f2e0fa.js:1
[  828214ms] [WARNING] Failed to parse prompt_please_input_content_variable_format, SyntaxError: MALFORMED_ARGUMENT @ https://lf-coze-web-cdn.coze.cn/obj/coze-web-cn/flow/devops/fornax_base_saas/static/js/async/6951.ab47f2e0fa.js:1
[  828215ms] [WARNING] Failed to parse prompt_please_input_content_variable_format, SyntaxError: MALFORMED_ARGUMENT @ https://lf-coze-web-cdn.coze.cn/obj/coze-web-cn/flow/devops/fornax_base_saas/static/js/async/6951.ab47f2e0fa.js:1
[  828355ms] [WARNING] Failed to parse prompt_please_input_content_variable_format, SyntaxError: MALFORMED_ARGUMENT @ https://lf-coze-web-cdn.coze.cn/obj/coze-web-cn/flow/devops/fornax_base_saas/static/js/async/6951.ab47f2e0fa.js:1
[  828356ms] [WARNING] Failed to parse prompt_please_input_content_variable_format, SyntaxError: MALFORMED_ARGUMENT @ https://lf-coze-web-cdn.coze.cn/obj/coze-web-cn/flow/devops/fornax_base_saas/static/js/async/6951.ab47f2e0fa.js:1
[  858558ms] [WARNING] Failed to parse prompt_please_input_content_variable_format, SyntaxError: MALFORMED_ARGUMENT @ https://lf-coze-web-cdn.coze.cn/obj/coze-web-cn/flow/devops/fornax_base_saas/static/js/async/6951.ab47f2e0fa.js:1
[  858559ms] [WARNING] Failed to parse prompt_please_input_content_variable_format, SyntaxError: MALFORMED_ARGUMENT @ https://lf-coze-web-cdn.coze.cn/obj/coze-web-cn/flow/devops/fornax_base_saas/static/js/async/6951.ab47f2e0fa.js:1
[  858705ms] [WARNING] Failed to parse prompt_please_input_content_variable_format, SyntaxError: MALFORMED_ARGUMENT @ https://lf-coze-web-cdn.coze.cn/obj/coze-web-cn/flow/devops/fornax_base_saas/static/js/async/6951.ab47f2e0fa.js:1
[  858706ms] [WARNING] Failed to parse prompt_please_input_content_variable_format, SyntaxError: MALFORMED_ARGUMENT @ https://lf-coze-web-cdn.coze.cn/obj/coze-web-cn/flow/devops/fornax_base_saas/static/js/async/6951.ab47f2e0fa.js:1
[  889030ms] [WARNING] Failed to parse prompt_please_input_content_variable_format, SyntaxError: MALFORMED_ARGUMENT @ https://lf-coze-web-cdn.coze.cn/obj/coze-web-cn/flow/devops/fornax_base_saas/static/js/async/6951.ab47f2e0fa.js:1
[  889031ms] [WARNING] Failed to parse prompt_please_input_content_variable_format, SyntaxError: MALFORMED_ARGUMENT @ https://lf-coze-web-cdn.coze.cn/obj/coze-web-cn/flow/devops/fornax_base_saas/static/js/async/6951.ab47f2e0fa.js:1
[  889154ms] [WARNING] Failed to parse prompt_please_input_content_variable_format, SyntaxError: MALFORMED_ARGUMENT @ https://lf-coze-web-cdn.coze.cn/obj/coze-web-cn/flow/devops/fornax_base_saas/static/js/async/6951.ab47f2e0fa.js:1
[  889155ms] [WARNING] Failed to parse prompt_please_input_content_variable_format, SyntaxError: MALFORMED_ARGUMENT @ https://lf-coze-web-cdn.coze.cn/obj/coze-web-cn/flow/devops/fornax_base_saas/static/js/async/6951.ab47f2e0fa.js:1
[  919372ms] [WARNING] Failed to parse prompt_please_input_content_variable_format, SyntaxError: MALFORMED_ARGUMENT @ https://lf-coze-web-cdn.coze.cn/obj/coze-web-cn/flow/devops/fornax_base_saas/static/js/async/6951.ab47f2e0fa.js:1
[  919372ms] [WARNING] Failed to parse prompt_please_input_content_variable_format, SyntaxError: MALFORMED_ARGUMENT @ https://lf-coze-web-cdn.coze.cn/obj/coze-web-cn/flow/devops/fornax_base_saas/static/js/async/6951.ab47f2e0fa.js:1
[  919517ms] [WARNING] Failed to parse prompt_please_input_content_variable_format, SyntaxError: MALFORMED_ARGUMENT @ https://lf-coze-web-cdn.coze.cn/obj/coze-web-cn/flow/devops/fornax_base_saas/static/js/async/6951.ab47f2e0fa.js:1
[  919518ms] [WARNING] Failed to parse prompt_please_input_content_variable_format, SyntaxError: MALFORMED_ARGUMENT @ https://lf-coze-web-cdn.coze.cn/obj/coze-web-cn/flow/devops/fornax_base_saas/static/js/async/6951.ab47f2e0fa.js:1
[  949631ms] [WARNING] Failed to parse prompt_please_input_content_variable_format, SyntaxError: MALFORMED_ARGUMENT @ https://lf-coze-web-cdn.coze.cn/obj/coze-web-cn/flow/devops/fornax_base_saas/static/js/async/6951.ab47f2e0fa.js:1
[  949632ms] [WARNING] Failed to parse prompt_please_input_content_variable_format, SyntaxError: MALFORMED_ARGUMENT @ https://lf-coze-web-cdn.coze.cn/obj/coze-web-cn/flow/devops/fornax_base_saas/static/js/async/6951.ab47f2e0fa.js:1
[  949863ms] [WARNING] Failed to parse prompt_please_input_content_variable_format, SyntaxError: MALFORMED_ARGUMENT @ https://lf-coze-web-cdn.coze.cn/obj/coze-web-cn/flow/devops/fornax_base_saas/static/js/async/6951.ab47f2e0fa.js:1
[  949864ms] [WARNING] Failed to parse prompt_please_input_content_variable_format, SyntaxError: MALFORMED_ARGUMENT @ https://lf-coze-web-cdn.coze.cn/obj/coze-web-cn/flow/devops/fornax_base_saas/static/js/async/6951.ab47f2e0fa.js:1
[  979926ms] [WARNING] Failed to parse prompt_please_input_content_variable_format, SyntaxError: MALFORMED_ARGUMENT @ https://lf-coze-web-cdn.coze.cn/obj/coze-web-cn/flow/devops/fornax_base_saas/static/js/async/6951.ab47f2e0fa.js:1
[  979927ms] [WARNING] Failed to parse prompt_please_input_content_variable_format, SyntaxError: MALFORMED_ARGUMENT @ https://lf-coze-web-cdn.coze.cn/obj/coze-web-cn/flow/devops/fornax_base_saas/static/js/async/6951.ab47f2e0fa.js:1
[  980121ms] [WARNING] Failed to parse prompt_please_input_content_variable_format, SyntaxError: MALFORMED_ARGUMENT @ https://lf-coze-web-cdn.coze.cn/obj/coze-web-cn/flow/devops/fornax_base_saas/static/js/async/6951.ab47f2e0fa.js:1
[  980122ms] [WARNING] Failed to parse prompt_please_input_content_variable_format, SyntaxError: MALFORMED_ARGUMENT @ https://lf-coze-web-cdn.coze.cn/obj/coze-web-cn/flow/devops/fornax_base_saas/static/js/async/6951.ab47f2e0fa.js:1
[ 1010159ms] [WARNING] Failed to parse prompt_please_input_content_variable_format, SyntaxError: MALFORMED_ARGUMENT @ https://lf-coze-web-cdn.coze.cn/obj/coze-web-cn/flow/devops/fornax_base_saas/static/js/async/6951.ab47f2e0fa.js:1
[ 1010159ms] [WARNING] Failed to parse prompt_please_input_content_variable_format, SyntaxError: MALFORMED_ARGUMENT @ https://lf-coze-web-cdn.coze.cn/obj/coze-web-cn/flow/devops/fornax_base_saas/static/js/async/6951.ab47f2e0fa.js:1
[ 1010299ms] [WARNING] Failed to parse prompt_please_input_content_variable_format, SyntaxError: MALFORMED_ARGUMENT @ https://lf-coze-web-cdn.coze.cn/obj/coze-web-cn/flow/devops/fornax_base_saas/static/js/async/6951.ab47f2e0fa.js:1
[ 1010300ms] [WARNING] Failed to parse prompt_please_input_content_variable_format, SyntaxError: MALFORMED_ARGUMENT @ https://lf-coze-web-cdn.coze.cn/obj/coze-web-cn/flow/devops/fornax_base_saas/static/js/async/6951.ab47f2e0fa.js:1
[ 1040435ms] [WARNING] Failed to parse prompt_please_input_content_variable_format, SyntaxError: MALFORMED_ARGUMENT @ https://lf-coze-web-cdn.coze.cn/obj/coze-web-cn/flow/devops/fornax_base_saas/static/js/async/6951.ab47f2e0fa.js:1
[ 1040435ms] [WARNING] Failed to parse prompt_please_input_content_variable_format, SyntaxError: MALFORMED_ARGUMENT @ https://lf-coze-web-cdn.coze.cn/obj/coze-web-cn/flow/devops/fornax_base_saas/static/js/async/6951.ab47f2e0fa.js:1
[ 1040600ms] [WARNING] Failed to parse prompt_please_input_content_variable_format, SyntaxError: MALFORMED_ARGUMENT @ https://lf-coze-web-cdn.coze.cn/obj/coze-web-cn/flow/devops/fornax_base_saas/static/js/async/6951.ab47f2e0fa.js:1
[ 1040601ms] [WARNING] Failed to parse prompt_please_input_content_variable_format, SyntaxError: MALFORMED_ARGUMENT @ https://lf-coze-web-cdn.coze.cn/obj/coze-web-cn/flow/devops/fornax_base_saas/static/js/async/6951.ab47f2e0fa.js:1
[ 1070794ms] [WARNING] Failed to parse prompt_please_input_content_variable_format, SyntaxError: MALFORMED_ARGUMENT @ https://lf-coze-web-cdn.coze.cn/obj/coze-web-cn/flow/devops/fornax_base_saas/static/js/async/6951.ab47f2e0fa.js:1
[ 1070794ms] [WARNING] Failed to parse prompt_please_input_content_variable_format, SyntaxError: MALFORMED_ARGUMENT @ https://lf-coze-web-cdn.coze.cn/obj/coze-web-cn/flow/devops/fornax_base_saas/static/js/async/6951.ab47f2e0fa.js:1
[ 1070981ms] [WARNING] Failed to parse prompt_please_input_content_variable_format, SyntaxError: MALFORMED_ARGUMENT @ https://lf-coze-web-cdn.coze.cn/obj/coze-web-cn/flow/devops/fornax_base_saas/static/js/async/6951.ab47f2e0fa.js:1
[ 1070982ms] [WARNING] Failed to parse prompt_please_input_content_variable_format, SyntaxError: MALFORMED_ARGUMENT @ https://lf-coze-web-cdn.coze.cn/obj/coze-web-cn/flow/devops/fornax_base_saas/static/js/async/6951.ab47f2e0fa.js:1
[ 1089683ms] [INFO] %cAPI Schema%c✓%c /api/evaluation/v1/evaluation_sets/list background:#544cfd;color:#fff;padding:1px 4px;border-radius:2px 0 0 2px background:#22c55e;color:#fff;padding:1px 4px;border-radius:0 2px 2px 0 color:#6b7280 {evaluation_sets: Array(1), next_page_token: , total: 1, code: 0, msg: } @ https://lf-coze-web-cdn.coze.cn/obj/coze-web-cn/flow/devops/fornax_base_saas/static/js/async/8745.2c20396bd2.js:0
[ 1221693ms] [WARNING] BTM WEB SDK: 相同页面不进行上报。 @ https://lf-coze-web-cdn.coze.cn/obj/coze-web-cn/flow/devops/fornax_base_saas/static/js/async/1796.d7cb1d3083.js:1
[ 1221857ms] [INFO] %cAPI Schema%c✓%c /api/evaluation/v1/evaluators/list background:#544cfd;color:#fff;padding:1px 4px;border-radius:2px 0 0 2px background:#22c55e;color:#fff;padding:1px 4px;border-radius:0 2px 2px 0 color:#6b7280 {total: 6, code: 0, msg: , evaluators: Array(6)} @ https://lf-coze-web-cdn.coze.cn/obj/coze-web-cn/flow/devops/fornax_base_saas/static/js/async/8745.2c20396bd2.js:0
[ 1299372ms] [WARNING] BTM WEB SDK: 相同页面不进行上报。 @ https://lf-coze-web-cdn.coze.cn/obj/coze-web-cn/flow/devops/fornax_base_saas/static/js/async/1796.d7cb1d3083.js:1
[ 1299639ms] [INFO] %cAPI Schema%c✓%c /api/evaluation/v1/experiments/list background:#544cfd;color:#fff;padding:1px 4px;border-radius:2px 0 0 2px background:#22c55e;color:#fff;padding:1px 4px;border-radius:0 2px 2px 0 color:#6b7280 {msg: , experiments: Array(4), total: 4, code: 0} @ https://lf-coze-web-cdn.coze.cn/obj/coze-web-cn/flow/devops/fornax_base_saas/static/js/async/8745.2c20396bd2.js:0
[ 1345300ms] [WARNING] BTM WEB SDK: 相同页面不进行上报。 @ https://lf-coze-web-cdn.coze.cn/obj/coze-web-cn/flow/devops/fornax_base_saas/static/js/async/1796.d7cb1d3083.js:1
[ 1345301ms] [WARNING] BTM WEB SDK: 相同页面不进行上报。 @ https://lf-coze-web-cdn.coze.cn/obj/coze-web-cn/flow/devops/fornax_base_saas/static/js/async/1796.d7cb1d3083.js:1
[ 1345312ms] [WARNING] BTM WEB SDK: 相同页面不进行上报。 @ https://lf-coze-web-cdn.coze.cn/obj/coze-web-cn/flow/devops/fornax_base_saas/static/js/async/1796.d7cb1d3083.js:1
[ 1345323ms] [WARNING] BTM WEB SDK: 相同页面不进行上报。 @ https://lf-coze-web-cdn.coze.cn/obj/coze-web-cn/flow/devops/fornax_base_saas/static/js/async/1796.d7cb1d3083.js:1
[ 1345329ms] [WARNING] BTM WEB SDK: 相同页面不进行上报。 @ https://lf-coze-web-cdn.coze.cn/obj/coze-web-cn/flow/devops/fornax_base_saas/static/js/async/1796.d7cb1d3083.js:1
[ 1345390ms] [INFO] %cAPI Schema%c✓%c /api/observability/v1/traces/meta_info?platform_type=cozeloop&span_list_type=root_span&workspace_id=7487806534651887643 background:#544cfd;color:#fff;padding:1px 4px;border-radius:2px 0 0 2px background:#22c55e;color:#fff;padding:1px 4px;border-radius:0 2px 2px 0 color:#6b7280 {key_span_type: Array(6), code: 0, msg: , field_metas: Object} @ https://lf-coze-web-cdn.coze.cn/obj/coze-web-cn/flow/devops/fornax_base_saas/static/js/async/8745.2c20396bd2.js:0
[ 1345405ms] [INFO] %cAPI Schema%c✓%c /api/observability/v1/traces/meta_info?platform_type=cozeloop&span_list_type=root_span&workspace_id=7487806534651887643 background:#544cfd;color:#fff;padding:1px 4px;border-radius:2px 0 0 2px background:#22c55e;color:#fff;padding:1px 4px;border-radius:0 2px 2px 0 color:#6b7280 {code: 0, msg: , field_metas: Object, key_span_type: Array(6)} @ https://lf-coze-web-cdn.coze.cn/obj/coze-web-cn/flow/devops/fornax_base_saas/static/js/async/8745.2c20396bd2.js:0
[ 1345409ms] [WARNING] BTM WEB SDK: 相同页面不进行上报。 @ https://lf-coze-web-cdn.coze.cn/obj/coze-web-cn/flow/devops/fornax_base_saas/static/js/async/1796.d7cb1d3083.js:1
[ 1345416ms] [WARNING] BTM WEB SDK: 相同页面不进行上报。 @ https://lf-coze-web-cdn.coze.cn/obj/coze-web-cn/flow/devops/fornax_base_saas/static/js/async/1796.d7cb1d3083.js:1
[ 1345421ms] [WARNING] BTM WEB SDK: 相同页面不进行上报。 @ https://lf-coze-web-cdn.coze.cn/obj/coze-web-cn/flow/devops/fornax_base_saas/static/js/async/1796.d7cb1d3083.js:1
[ 1345424ms] [WARNING] BTM WEB SDK: 相同页面不进行上报。 @ https://lf-coze-web-cdn.coze.cn/obj/coze-web-cn/flow/devops/fornax_base_saas/static/js/async/1796.d7cb1d3083.js:1
[ 1345465ms] [INFO] %cAPI Schema%c✓%c /api/observability/v1/views/list background:#544cfd;color:#fff;padding:1px 4px;border-radius:2px 0 0 2px background:#22c55e;color:#fff;padding:1px 4px;border-radius:0 2px 2px 0 color:#6b7280 {views: Array(2), code: 0, msg: } @ https://lf-coze-web-cdn.coze.cn/obj/coze-web-cn/flow/devops/fornax_base_saas/static/js/async/8745.2c20396bd2.js:0
[ 1345486ms] [INFO] %cAPI Schema%c✓%c /api/observability/v1/traces/trajectory_config?workspace_id=7487806534651887643 background:#544cfd;color:#fff;padding:1px 4px;border-radius:2px 0 0 2px background:#22c55e;color:#fff;padding:1px 4px;border-radius:0 2px 2px 0 color:#6b7280 {filters: Object, code: 0, msg: } @ https://lf-coze-web-cdn.coze.cn/obj/coze-web-cn/flow/devops/fornax_base_saas/static/js/async/8745.2c20396bd2.js:0
[ 1345492ms] [WARNING] BTM WEB SDK: 相同页面不进行上报。 @ https://lf-coze-web-cdn.coze.cn/obj/coze-web-cn/flow/devops/fornax_base_saas/static/js/async/1796.d7cb1d3083.js:1
[ 1345494ms] [WARNING] BTM WEB SDK: 相同页面不进行上报。 @ https://lf-coze-web-cdn.coze.cn/obj/coze-web-cn/flow/devops/fornax_base_saas/static/js/async/1796.d7cb1d3083.js:1
[ 1345917ms] [INFO] %cAPI Schema%c✗ 600903208%c /api/observability/v1/spans/list background:#544cfd;color:#fff;padding:1px 4px;border-radius:2px 0 0 2px background:#ef4444;color:#fff;padding:1px 4px;border-radius:0 2px 2px 0 color:#6b7280 {code: 600903208, msg: the trace has expired} @ https://lf-coze-web-cdn.coze.cn/obj/coze-web-cn/flow/devops/fornax_base_saas/static/js/async/8745.2c20396bd2.js:0
[ 1345927ms] [WARNING] BTM WEB SDK: 相同页面不进行上报。 @ https://lf-coze-web-cdn.coze.cn/obj/coze-web-cn/flow/devops/fornax_base_saas/static/js/async/1796.d7cb1d3083.js:1
[ 1345929ms] [WARNING] BTM WEB SDK: 相同页面不进行上报。 @ https://lf-coze-web-cdn.coze.cn/obj/coze-web-cn/flow/devops/fornax_base_saas/static/js/async/1796.d7cb1d3083.js:1
[ 1373401ms] [WARNING] BTM WEB SDK: 相同页面不进行上报。 @ https://lf-coze-web-cdn.coze.cn/obj/coze-web-cn/flow/devops/fornax_base_saas/static/js/async/1796.d7cb1d3083.js:1
[ 1373409ms] [WARNING] BTM WEB SDK: 相同页面不进行上报。 @ https://lf-coze-web-cdn.coze.cn/obj/coze-web-cn/flow/devops/fornax_base_saas/static/js/async/1796.d7cb1d3083.js:1
[ 1373566ms] [WARNING] BTM WEB SDK: 相同页面不进行上报。 @ https://lf-coze-web-cdn.coze.cn/obj/coze-web-cn/flow/devops/fornax_base_saas/static/js/async/1796.d7cb1d3083.js:1
[ 1373570ms] [WARNING] BTM WEB SDK: 相同页面不进行上报。 @ https://lf-coze-web-cdn.coze.cn/obj/coze-web-cn/flow/devops/fornax_base_saas/static/js/async/1796.d7cb1d3083.js:1
[ 1376533ms] [WARNING] BTM WEB SDK: 相同页面不进行上报。 @ https://lf-coze-web-cdn.coze.cn/obj/coze-web-cn/flow/devops/fornax_base_saas/static/js/async/1796.d7cb1d3083.js:1
[ 1376739ms] [INFO] %cAPI Schema%c✓%c /api/observability/v1/metrics/list background:#544cfd;color:#fff;padding:1px 4px;border-radius:2px 0 0 2px background:#22c55e;color:#fff;padding:1px 4px;border-radius:0 2px 2px 0 color:#6b7280 {compared_metrics: Object, metrics: Object, code: 0, msg: } @ https://lf-coze-web-cdn.coze.cn/obj/coze-web-cn/flow/devops/fornax_base_saas/static/js/async/8745.2c20396bd2.js:0
[ 1376764ms] [INFO] %cAPI Schema%c✓%c /api/observability/v1/metrics/list background:#544cfd;color:#fff;padding:1px 4px;border-radius:2px 0 0 2px background:#22c55e;color:#fff;padding:1px 4px;border-radius:0 2px 2px 0 color:#6b7280 {compared_metrics: Object, metrics: Object, code: 0, msg: } @ https://lf-coze-web-cdn.coze.cn/obj/coze-web-cn/flow/devops/fornax_base_saas/static/js/async/8745.2c20396bd2.js:0
[ 1376773ms] [INFO] %cAPI Schema%c✓%c /api/observability/v1/metrics/drill_down_values background:#544cfd;color:#fff;padding:1px 4px;border-radius:2px 0 0 2px background:#22c55e;color:#fff;padding:1px 4px;border-radius:0 2px 2px 0 color:#6b7280 {code: 0, msg: } @ https://lf-coze-web-cdn.coze.cn/obj/coze-web-cn/flow/devops/fornax_base_saas/static/js/async/8745.2c20396bd2.js:0
[ 1376789ms] [INFO] %cAPI Schema%c✓%c /api/observability/v1/metrics/list background:#544cfd;color:#fff;padding:1px 4px;border-radius:2px 0 0 2px background:#22c55e;color:#fff;padding:1px 4px;border-radius:0 2px 2px 0 color:#6b7280 {compared_metrics: Object, metrics: Object, code: 0, msg: } @ https://lf-coze-web-cdn.coze.cn/obj/coze-web-cn/flow/devops/fornax_base_saas/static/js/async/8745.2c20396bd2.js:0
[ 1376809ms] [INFO] %cAPI Schema%c✓%c /api/observability/v1/metrics/list background:#544cfd;color:#fff;padding:1px 4px;border-radius:2px 0 0 2px background:#22c55e;color:#fff;padding:1px 4px;border-radius:0 2px 2px 0 color:#6b7280 {compared_metrics: Object, metrics: Object, code: 0, msg: } @ https://lf-coze-web-cdn.coze.cn/obj/coze-web-cn/flow/devops/fornax_base_saas/static/js/async/8745.2c20396bd2.js:0
[ 1376827ms] [INFO] %cAPI Schema%c✓%c /api/observability/v1/metrics/list background:#544cfd;color:#fff;padding:1px 4px;border-radius:2px 0 0 2px background:#22c55e;color:#fff;padding:1px 4px;border-radius:0 2px 2px 0 color:#6b7280 {msg: , compared_metrics: Object, metrics: Object, code: 0} @ https://lf-coze-web-cdn.coze.cn/obj/coze-web-cn/flow/devops/fornax_base_saas/static/js/async/8745.2c20396bd2.js:0
[ 1376841ms] [INFO] %cAPI Schema%c✓%c /api/observability/v1/metrics/list background:#544cfd;color:#fff;padding:1px 4px;border-radius:2px 0 0 2px background:#22c55e;color:#fff;padding:1px 4px;border-radius:0 2px 2px 0 color:#6b7280 {code: 0, msg: , compared_metrics: Object, metrics: Object} @ https://lf-coze-web-cdn.coze.cn/obj/coze-web-cn/flow/devops/fornax_base_saas/static/js/async/8745.2c20396bd2.js:0
[ 1376844ms] [INFO] %cAPI Schema%c✓%c /api/observability/v1/metrics/list background:#544cfd;color:#fff;padding:1px 4px;border-radius:2px 0 0 2px background:#22c55e;color:#fff;padding:1px 4px;border-radius:0 2px 2px 0 color:#6b7280 {code: 0, msg: , compared_metrics: Object, metrics: Object} @ https://lf-coze-web-cdn.coze.cn/obj/coze-web-cn/flow/devops/fornax_base_saas/static/js/async/8745.2c20396bd2.js:0
[ 1376857ms] [INFO] %cAPI Schema%c✓%c /api/observability/v1/metrics/list background:#544cfd;color:#fff;padding:1px 4px;border-radius:2px 0 0 2px background:#22c55e;color:#fff;padding:1px 4px;border-radius:0 2px 2px 0 color:#6b7280 {compared_metrics: Object, metrics: Object, code: 0, msg: } @ https://lf-coze-web-cdn.coze.cn/obj/coze-web-cn/flow/devops/fornax_base_saas/static/js/async/8745.2c20396bd2.js:0
[ 1376860ms] [INFO] %cAPI Schema%c✓%c /api/observability/v1/metrics/drill_down_values background:#544cfd;color:#fff;padding:1px 4px;border-radius:2px 0 0 2px background:#22c55e;color:#fff;padding:1px 4px;border-radius:0 2px 2px 0 color:#6b7280 {msg: , code: 0} @ https://lf-coze-web-cdn.coze.cn/obj/coze-web-cn/flow/devops/fornax_base_saas/static/js/async/8745.2c20396bd2.js:0
[ 1376939ms] [INFO] %cAPI Schema%c✓%c /api/observability/v1/metrics/list background:#544cfd;color:#fff;padding:1px 4px;border-radius:2px 0 0 2px background:#22c55e;color:#fff;padding:1px 4px;border-radius:0 2px 2px 0 color:#6b7280 {compared_metrics: Object, metrics: Object, code: 0, msg: } @ https://lf-coze-web-cdn.coze.cn/obj/coze-web-cn/flow/devops/fornax_base_saas/static/js/async/8745.2c20396bd2.js:0
[ 1377033ms] [INFO] %cAPI Schema%c✓%c /api/observability/v1/metrics/list background:#544cfd;color:#fff;padding:1px 4px;border-radius:2px 0 0 2px background:#22c55e;color:#fff;padding:1px 4px;border-radius:0 2px 2px 0 color:#6b7280 {code: 0, msg: , compared_metrics: Object, metrics: Object} @ https://lf-coze-web-cdn.coze.cn/obj/coze-web-cn/flow/devops/fornax_base_saas/static/js/async/8745.2c20396bd2.js:0
[ 1450492ms] [WARNING] BTM WEB SDK: 相同页面不进行上报。 @ https://lf-coze-web-cdn.coze.cn/obj/coze-web-cn/flow/devops/fornax_base_saas/static/js/async/1796.d7cb1d3083.js:1
[ 1450505ms] [WARNING] BTM WEB SDK: 相同页面不进行上报。 @ https://lf-coze-web-cdn.coze.cn/obj/coze-web-cn/flow/devops/fornax_base_saas/static/js/async/1796.d7cb1d3083.js:1
[ 1450508ms] [WARNING] BTM WEB SDK: 相同页面不进行上报。 @ https://lf-coze-web-cdn.coze.cn/obj/coze-web-cn/flow/devops/fornax_base_saas/static/js/async/1796.d7cb1d3083.js:1
[ 1450511ms] [WARNING] BTM WEB SDK: 相同页面不进行上报。 @ https://lf-coze-web-cdn.coze.cn/obj/coze-web-cn/flow/devops/fornax_base_saas/static/js/async/1796.d7cb1d3083.js:1
[ 1450516ms] [WARNING] BTM WEB SDK: 相同页面不进行上报。 @ https://lf-coze-web-cdn.coze.cn/obj/coze-web-cn/flow/devops/fornax_base_saas/static/js/async/1796.d7cb1d3083.js:1
[ 1450527ms] [WARNING] BTM WEB SDK: 相同页面不进行上报。 @ https://lf-coze-web-cdn.coze.cn/obj/coze-web-cn/flow/devops/fornax_base_saas/static/js/async/1796.d7cb1d3083.js:1
[ 1450536ms] [WARNING] BTM WEB SDK: 相同页面不进行上报。 @ https://lf-coze-web-cdn.coze.cn/obj/coze-web-cn/flow/devops/fornax_base_saas/static/js/async/1796.d7cb1d3083.js:1
[ 1450590ms] [INFO] %cAPI Schema%c✓%c /api/observability/v1/views/list background:#544cfd;color:#fff;padding:1px 4px;border-radius:2px 0 0 2px background:#22c55e;color:#fff;padding:1px 4px;border-radius:0 2px 2px 0 color:#6b7280 {msg: , views: Array(2), code: 0} @ https://lf-coze-web-cdn.coze.cn/obj/coze-web-cn/flow/devops/fornax_base_saas/static/js/async/8745.2c20396bd2.js:0
[ 1450597ms] [INFO] %cAPI Schema%c✓%c /api/observability/v1/traces/meta_info?platform_type=cozeloop&span_list_type=root_span&workspace_id=7487806534651887643 background:#544cfd;color:#fff;padding:1px 4px;border-radius:2px 0 0 2px background:#22c55e;color:#fff;padding:1px 4px;border-radius:0 2px 2px 0 color:#6b7280 {field_metas: Object, key_span_type: Array(6), code: 0, msg: } @ https://lf-coze-web-cdn.coze.cn/obj/coze-web-cn/flow/devops/fornax_base_saas/static/js/async/8745.2c20396bd2.js:0
[ 1450614ms] [INFO] %cAPI Schema%c✓%c /api/observability/v1/traces/meta_info?platform_type=cozeloop&span_list_type=root_span&workspace_id=7487806534651887643 background:#544cfd;color:#fff;padding:1px 4px;border-radius:2px 0 0 2px background:#22c55e;color:#fff;padding:1px 4px;border-radius:0 2px 2px 0 color:#6b7280 {field_metas: Object, key_span_type: Array(6), code: 0, msg: } @ https://lf-coze-web-cdn.coze.cn/obj/coze-web-cn/flow/devops/fornax_base_saas/static/js/async/8745.2c20396bd2.js:0
[ 1450619ms] [WARNING] BTM WEB SDK: 相同页面不进行上报。 @ https://lf-coze-web-cdn.coze.cn/obj/coze-web-cn/flow/devops/fornax_base_saas/static/js/async/1796.d7cb1d3083.js:1
[ 1450626ms] [WARNING] BTM WEB SDK: 相同页面不进行上报。 @ https://lf-coze-web-cdn.coze.cn/obj/coze-web-cn/flow/devops/fornax_base_saas/static/js/async/1796.d7cb1d3083.js:1
[ 1450630ms] [WARNING] BTM WEB SDK: 相同页面不进行上报。 @ https://lf-coze-web-cdn.coze.cn/obj/coze-web-cn/flow/devops/fornax_base_saas/static/js/async/1796.d7cb1d3083.js:1
[ 1450633ms] [WARNING] BTM WEB SDK: 相同页面不进行上报。 @ https://lf-coze-web-cdn.coze.cn/obj/coze-web-cn/flow/devops/fornax_base_saas/static/js/async/1796.d7cb1d3083.js:1
[ 1450798ms] [INFO] %cAPI Schema%c✓%c /api/observability/v1/traces/trajectory_config?workspace_id=7487806534651887643 background:#544cfd;color:#fff;padding:1px 4px;border-radius:2px 0 0 2px background:#22c55e;color:#fff;padding:1px 4px;border-radius:0 2px 2px 0 color:#6b7280 {msg: , filters: Object, code: 0} @ https://lf-coze-web-cdn.coze.cn/obj/coze-web-cn/flow/devops/fornax_base_saas/static/js/async/8745.2c20396bd2.js:0
[ 1450808ms] [WARNING] BTM WEB SDK: 相同页面不进行上报。 @ https://lf-coze-web-cdn.coze.cn/obj/coze-web-cn/flow/devops/fornax_base_saas/static/js/async/1796.d7cb1d3083.js:1
[ 1450811ms] [WARNING] BTM WEB SDK: 相同页面不进行上报。 @ https://lf-coze-web-cdn.coze.cn/obj/coze-web-cn/flow/devops/fornax_base_saas/static/js/async/1796.d7cb1d3083.js:1
[ 1451185ms] [INFO] %cAPI Schema%c✗ 600903208%c /api/observability/v1/spans/list background:#544cfd;color:#fff;padding:1px 4px;border-radius:2px 0 0 2px background:#ef4444;color:#fff;padding:1px 4px;border-radius:0 2px 2px 0 color:#6b7280 {code: 600903208, msg: the trace has expired} @ https://lf-coze-web-cdn.coze.cn/obj/coze-web-cn/flow/devops/fornax_base_saas/static/js/async/8745.2c20396bd2.js:0
[ 1451192ms] [WARNING] BTM WEB SDK: 相同页面不进行上报。 @ https://lf-coze-web-cdn.coze.cn/obj/coze-web-cn/flow/devops/fornax_base_saas/static/js/async/1796.d7cb1d3083.js:1
[ 1451195ms] [WARNING] BTM WEB SDK: 相同页面不进行上报。 @ https://lf-coze-web-cdn.coze.cn/obj/coze-web-cn/flow/devops/fornax_base_saas/static/js/async/1796.d7cb1d3083.js:1
